TRADEDATE,SECID,ISSUE_NAME,SHORTNAME,BOARDID,COUPON_TYPE,ANALYSIS_GROUP,MATURITY_GROUP,PLOT_GROUP,OPEN,HIGH,LOW,CLOSE,WAPRICE,PRICE_FOR_ANALYSIS,CLEAN_PRICE_RUB,DIRTY_PRICE_RUB,PRICE_DEV_FROM_100,PRICE_RETURN,YIELDATWAP,YIELDCLOSE,YIELD_FOR_ANALYSIS,VOLUME,VALUE,NUMTRADES,ACCINT,FACEVALUE,COUPONPERCENT,COUPONVALUE,MATDATE,YEARS_TO_MATURITY,DURATION,CLOSE_IQR_OUTLIER,PRICE_RETURN_IQR_OUTLIER,YIELD_IQR_OUTLIER,YIELD_EXTREME_LEVEL_FLAG,HARD_DATA_ERROR,ANY_OUTLIER_FLAG,OUTLIER_REPLACED_WITH_DAILY_MEDIAN,CLOSE_RAW,WAPRICE_RAW,PRICE_FOR_ANALYSIS_RAW,YIELDATWAP_RAW,YIELDCLOSE_RAW,YIELD_FOR_ANALYSIS_RAW
2018-04-10,SU26207RMFS9,ОФЗ-ПД 26207,ОФЗ 26207,TQOB,fixed,short_fixed_selected,long,long,107.09,107.09,104.57,103.375,103.92699999999999,103.92699999999999,1033.75,1046.03,3.375,-0.03171570142655089,7.47,7.56,7.47,4519626,4751192832.7,1022,12.28,1000,8.15,40.64,2027-02-03,8.818617385352498,2356.0,False,True,False,False,False,True,True,104.65,105.224,105.224,7.47,7.56,7.47
2018-11-14,SU26207RMFS9,ОФЗ-ПД 26207,ОФЗ 26207,TQOB,fixed,short_fixed_selected,long,long,95.906,98.0,95.756,96.6225,95.9625,95.9625,966.225,986.5450000000001,-3.3774999999999977,0.0054475072581401385,8.85,8.72,8.85,2368734,2299307570.0,652,20.32,1000,8.15,40.64,2027-02-03,8.2217659137577,2188.0,False,True,False,False,False,True,True,97.753,96.996,96.996,8.85,8.72,8.85
2020-03-10,SU26207RMFS9,ОФЗ-ПД 26207,ОФЗ 26207,TQOB,fixed,short_fixed_selected,long,long,108.0,109.899,106.11,106.1345,105.74600000000001,105.74600000000001,1061.345,1067.375,6.134500000000003,-0.04555305755395689,6.86,6.82,6.86,6027705,6485208992.83,947,6.03,1000,8.15,40.64,2027-02-03,6.9021218343600275,1989.0,False,True,False,False,False,True,True,107.853,107.655,107.655,6.86,6.82,6.86
2020-03-12,SU26207RMFS9,ОФЗ-ПД 26207,ОФЗ 26207,TQOB,fixed,short_fixed_selected,long,long,106.13,106.13,102.0,100.8155,101.814,101.814,1008.1549999999999,1014.6349999999999,0.8155000000000001,-0.05257494596372514,7.63,7.85,7.63,2177768,2262512597.21,990,6.48,1000,8.15,40.64,2027-02-03,6.896646132785763,1974.0,False,True,False,False,False,True,True,102.35,103.477,103.477,7.63,7.85,7.63
2020-03-13,SU26207RMFS9,ОФЗ-ПД 26207,ОФЗ 26207,TQOB,fixed,short_fixed_selected,long,long,102.304,104.879,102.304,101.91,101.616,101.616,1019.0999999999999,1025.8,1.9099999999999966,0.01085646552365449,7.49,7.46,7.49,1149698,1199675251.87,627,6.7,1000,8.15,40.64,2027-02-03,6.893908281998631,1976.0,False,True,False,False,False,True,True,104.41,104.232,104.232,7.49,7.46,7.49
2020-03-16,SU26207RMFS9,ОФЗ-ПД 26207,ОФЗ 26207,TQOB,fixed,short_fixed_selected,long,long,107.437,107.437,102.4,100.78999999999999,100.0395,100.0395,1007.9,1015.27,0.789999999999992,-0.010990089294475536,7.8,7.81,7.8,1314397,1349047164.58,659,7.37,1000,8.15,40.64,2027-02-03,6.885694729637235,1968.0,False,True,False,False,False,True,True,102.55,102.603,102.603,7.8,7.81,7.8
2020-03-18,SU26207RMFS9,ОФЗ-ПД 26207,ОФЗ 26207,TQOB,fixed,short_fixed_selected,long,long,103.795,103.795,100.5,98.4445,99.265,99.265,984.445,992.2650000000001,-1.555499999999995,-0.04614512581510932,8.07,8.18,8.07,806938,815814295.64,771,7.82,1000,8.15,40.64,2027-02-03,6.880219028062971,1961.0,False,True,False,False,False,True,True,100.689,101.214,101.214,8.07,8.18,8.07
2020-03-20,SU26207RMFS9,ОФЗ-ПД 26207,ОФЗ 26207,TQOB,fixed,short_fixed_selected,long,long,102.161,105.338,102.161,102.674,102.4445,102.4445,1026.74,1035.0,2.6740000000000066,0.00492311908467169,7.44,7.44,7.44,932126,971453556.64,553,8.26,1000,8.15,40.64,2027-02-03,6.874743326488707,1969.0,False,True,False,False,False,True,True,104.5,104.47,104.47,7.44,7.44,7.44
2020-03-24,SU26207RMFS9,ОФЗ-ПД 26207,ОФЗ 26207,TQOB,fixed,short_fixed_selected,long,long,104.351,107.795,104.351,105.3665,104.913,104.913,1053.665,1062.825,5.366500000000002,0.004427942269928042,6.9,6.9,6.9,308398,331101675.11,304,9.16,1000,8.15,40.64,2027-02-03,6.863791923340178,1974.0,False,True,False,False,False,True,True,107.4,107.409,107.409,6.9,6.9,6.9
2020-03-30,SU26207RMFS9,ОФЗ-ПД 26207,ОФЗ 26207,TQOB,fixed,short_fixed_selected,long,long,107.709,108.358,106.52,105.804,105.6045,105.6045,1058.0400000000002,1068.5300000000002,5.804000000000002,-0.00663781205697056,6.83,6.72,6.83,70483,75916544.47,243,10.49,1000,8.15,40.64,2027-02-03,6.847364818617385,1969.0,False,True,False,False,False,True,True,108.345,107.739,107.739,6.83,6.72,6.83
2020-04-17,SU26207RMFS9,ОФЗ-ПД 26207,ОФЗ 26207,TQOB,fixed,short_fixed_selected,long,long,110.024,112.244,109.809,110.014,109.02199999999999,109.02199999999999,1100.1399999999999,1114.6499999999999,10.013999999999996,0.0003091471176577265,6.1,6.02,6.1,90990,101816389.47,242,14.51,1000,8.15,40.64,2027-02-03,6.798083504449007,1963.0,False,True,False,False,False,True,True,112.244,111.799,111.799,6.1,6.02,6.1
2022-01-13,SU26207RMFS9,ОФЗ-ПД 26207,ОФЗ 26207,TQOB,fixed,short_fixed_selected,long,long,98.152,98.537,96.13,85.87,86.7,86.7,858.7,893.3100000000001,-14.129999999999995,-0.1252928593256596,9.02,9.26,9.02,701295,681510226.15,3144,34.61,1000,8.15,40.64,2027-02-03,5.0568104038329915,1492.0,False,True,False,False,False,True,True,96.4,97.294,97.294,9.02,9.26,9.02
2022-02-11,SU26207RMFS9,ОФЗ-ПД 26207,ОФЗ 26207,TQOB,fixed,short_fixed_selected,medium,medium,96.297,96.297,93.401,93.297,94.082,94.082,932.9699999999999,933.42,-6.703000000000003,-0.023272613065326575,9.61,10.05,9.61,464876,437180743.04,4446,0.45,1000,8.15,40.64,2027-02-03,4.97741273100616,1521.0,False,True,False,False,False,True,True,93.59,95.169,95.169,9.61,10.05,9.61
2022-02-21,SU26207RMFS9,ОФЗ-ПД 26207,ОФЗ 26207,TQOB,fixed,short_fixed_selected,medium,medium,93.4,93.793,90.0,90.331,91.635,91.635,903.3100000000001,905.99,-9.668999999999997,-0.03205032039604805,10.67,10.92,10.67,517791,473702618.69,4786,2.68,1000,8.15,40.64,2027-02-03,4.950034223134839,1504.0,False,True,False,False,False,True,True,90.626,91.452,91.452,10.67,10.92,10.67
2022-02-24,SU26207RMFS9,ОФЗ-ПД 26207,ОФЗ 26207,TQOB,fixed,short_fixed_selected,medium,medium,87.4,87.4,78.0,82.01,79.684,79.684,820.1,823.45,-17.989999999999995,-0.08851445973281169,14.72,13.66,14.72,1198743,954877265.15,4960,3.35,1000,8.15,40.64,2027-02-03,4.941820670773443,1473.0,False,True,False,False,False,True,True,82.01,78.978,78.978,14.72,13.66,14.72
2022-02-25,SU26207RMFS9,ОФЗ-ПД 26207,ОФЗ 26207,TQOB,fixed,short_fixed_selected,medium,medium,79.944,84.547,78.0,85.199,81.055,81.055,851.99,855.5600000000001,-14.801000000000002,0.038885501768076924,13.97,12.82,13.97,547722,441307633.23,4101,3.57,1000,8.15,40.64,2027-02-03,4.939082819986311,1477.0,False,True,False,False,False,True,True,84.547,81.119,81.119,13.97,12.82,13.97
2022-03-21,SU26207RMFS9,ОФЗ-ПД 26207,ОФЗ 26207,TQOB,fixed,short_fixed_selected,medium,medium,78.38,79.5,77.001,78.9,78.38,78.38,789.0,797.93,-21.099999999999994,-0.07393279263841113,14.93,14.77,14.93,457247,359310899.99,6119,8.93,1000,8.15,40.64,2027-02-03,4.87337440109514,1446.0,False,True,False,False,False,True,True,79.023,78.581,78.581,14.93,14.77,14.93
2022-03-22,SU26207RMFS9,ОФЗ-ПД 26207,ОФЗ 26207,TQOB,fixed,short_fixed_selected,medium,medium,79.998,82.129,79.501,81.003,81.219,81.219,810.03,819.1899999999999,-18.997,0.026653992395437198,13.99,14.2,13.99,880208,714891809.16,3073,9.16,1000,8.15,40.64,2027-02-03,4.870636550308008,1452.0,False,True,False,False,False,True,True,80.618,81.219,81.219,13.99,14.2,13.99
2022-03-29,SU26207RMFS9,ОФЗ-ПД 26207,ОФЗ 26207,TQOB,fixed,short_fixed_selected,medium,medium,82.0,84.256,81.901,83.903,83.31,83.31,839.0300000000001,849.7500000000001,-16.096999999999994,0.023207317073170808,13.69,13.09,13.69,405420,335994800.37,1055,10.72,1000,8.15,40.64,2027-02-03,4.851471594798084,1447.0,False,True,False,False,False,True,True,83.903,82.146,82.146,13.69,13.09,13.69
2022-03-30,SU26207RMFS9,ОФЗ-ПД 26207,ОФЗ 26207,TQOB,fixed,short_fixed_selected,medium,medium,83.903,86.816,83.5,86.3,85.315,85.315,863.0,873.94,-13.700000000000003,0.028568704337151196,12.63,12.31,12.63,824012,703004179.97,1148,10.94,1000,8.15,40.64,2027-02-03,4.848733744010952,1453.0,False,True,False,False,False,True,True,86.3,85.315,85.315,12.63,12.31,12.63
2022-03-31,SU26207RMFS9,ОФЗ-ПД 26207,ОФЗ 26207,TQOB,fixed,short_fixed_selected,medium,medium,86.3,88.173,86.3,88.0,87.614,87.614,880.0,891.16,-12.0,0.01969872537659323,11.89,11.77,11.89,886032,776289240.74,1005,11.16,1000,8.15,40.64,2027-02-03,4.84599589322382,1457.0,False,True,False,False,False,True,True,88.0,87.614,87.614,11.89,11.77,11.89
2022-04-08,SU26207RMFS9,ОФЗ-ПД 26207,ОФЗ 26207,TQOB,fixed,short_fixed_selected,medium,medium,86.679,90.6,86.463,90.278,88.562,88.562,902.78,915.73,-9.721999999999994,0.04152101431719335,11.83,11.07,11.83,1103285,981824847.73,1718,12.95,1000,8.15,40.64,2027-02-03,4.824093086926762,1450.0,False,True,False,False,False,True,True,90.278,87.837,87.837,11.83,11.07,11.83
2022-05-25,SU26207RMFS9,ОФЗ-ПД 26207,ОФЗ 26207,TQOB,fixed,short_fixed_selected,medium,medium,93.0,95.5,92.904,94.45,93.879,93.879,944.5,967.95,-5.549999999999997,0.016640833548609457,9.76,9.74,9.76,936885,888650933.4,747,23.45,1000,8.15,40.64,2027-02-03,4.695414099931554,1417.0,False,True,False,False,False,True,True,94.911,94.829,94.829,9.76,9.74,9.76
2022-06-01,SU26207RMFS9,ОФЗ-ПД 26207,ОФЗ 26207,TQOB,fixed,short_fixed_selected,medium,medium,94.711,96.5,94.701,96.09,95.16,95.16,960.9000000000001,985.9100000000001,-3.9099999999999966,0.014560082778135586,9.55,9.29,9.55,284893,272269144.24,517,25.01,1000,8.15,40.64,2027-02-03,4.676249144421629,1411.0,False,True,False,False,False,True,True,96.5,95.569,95.569,9.55,9.29,9.55
2022-10-03,SU26207RMFS9,ОФЗ-ПД 26207,ОФЗ 26207,TQOB,fixed,short_fixed_selected,medium,medium,95.31,97.0,95.05,96.959,95.998,95.998,969.59,981.65,-3.040999999999997,0.017408184679958083,9.5,9.21,9.5,300253,288432315.97,834,12.06,1000,8.15,40.64,2027-02-03,4.336755646817249,1344.0,False,True,False,False,False,True,True,96.975,95.998,95.998,9.5,9.21,9.5
2024-12-20,SU26207RMFS9,ОФЗ-ПД 26207,ОФЗ 26207,TQOB,fixed,short_fixed_selected,medium,medium,80.116,82.509,79.5,78.99799999999999,78.741,78.741,789.9799999999999,820.1299999999999,-21.00200000000001,-0.013954765589894724,19.61,19.44,19.61,326182,267973806.61,2883,30.15,1000,8.15,40.64,2027-02-03,2.1218343600273784,694.0,False,True,False,False,False,True,True,82.39,82.155,82.155,19.61,19.44,19.61
2024-12-23,SU26207RMFS9,ОФЗ-ПД 26207,ОФЗ 26207,TQOB,fixed,short_fixed_selected,medium,medium,82.39,85.225,82.167,81.7445,80.21549999999999,80.21549999999999,817.4449999999999,848.2549999999999,-18.255499999999998,0.034766702954505346,18.03,17.79,18.03,185886,156809249.15,3010,30.81,1000,8.15,40.64,2027-02-03,2.113620807665982,694.0,False,True,False,False,False,True,True,84.7,84.358,84.358,18.03,17.79,18.03
2018-04-10,SU26219RMFS4,ОФЗ-ПД 26219,ОФЗ 26219,TQOB,fixed,short_fixed_selected,long,long,104.16,104.589,102.052,103.375,103.92699999999999,103.92699999999999,1033.75,1036.51,3.375,-0.007460250403256818,7.46,7.55,7.46,300497,308616492.0,200,2.76,1000,7.75,38.64,2026-09-16,8.435318275154003,2323.0,False,True,False,False,False,True,True,102.1,102.63,102.63,7.46,7.55,7.46
2018-09-11,SU26219RMFS4,ОФЗ-ПД 26219,ОФЗ 26219,TQOB,fixed,short_fixed_selected,long,long,93.5,94.496,93.052,95.28200000000001,94.571,94.571,952.8200000000002,988.2800000000002,-4.717999999999989,0.027254889277012362,9.1,8.94,9.1,493484,461610670.66,173,35.46,1000,7.75,38.64,2026-09-16,8.013689253935661,2126.0,False,True,False,False,False,True,True,94.298,93.471,93.471,9.1,8.94,9.1
2020-03-06,SU26219RMFS4,ОФЗ-ПД 26219,ОФЗ 26219,TQOB,fixed,short_fixed_selected,long,long,111.982,111.982,108.4,109.2235,109.2885,109.2885,1092.2350000000001,1126.845,9.223500000000001,-0.011364150653065286,6.21,6.22,6.21,30242,32866712.8,464,34.61,1000,7.75,38.64,2026-09-16,6.529774127310062,1878.0,False,True,False,False,False,True,True,108.607,108.679,108.679,6.21,6.22,6.21
2020-03-10,SU26219RMFS4,ОФЗ-ПД 26219,ОФЗ 26219,TQOB,fixed,short_fixed_selected,long,long,106.0,108.0,104.0,106.1345,105.74600000000001,105.74600000000001,1061.345,1096.805,6.134500000000003,-0.02828145957600703,6.88,6.77,6.88,46053,48546918.8,920,35.46,1000,7.75,38.64,2026-09-16,6.5188227241615335,1864.0,False,True,False,False,False,True,True,105.67,105.09,105.09,6.88,6.77,6.88
2020-03-12,SU26219RMFS4,ОФЗ-ПД 26219,ОФЗ 26219,TQOB,fixed,short_fixed_selected,long,long,103.0,103.8,100.005,100.8155,101.814,101.814,1008.1549999999999,1044.0349999999999,0.8155000000000001,-0.032926291151868625,7.55,7.88,7.55,634547,643857390.73,1175,35.88,1000,7.75,38.64,2026-09-16,6.513347022587269,1851.0,False,True,False,False,False,True,True,100.071,101.708,101.708,7.55,7.88,7.55
2020-03-18,SU26219RMFS4,ОФЗ-ПД 26219,ОФЗ 26219,TQOB,fixed,short_fixed_selected,long,long,101.29,101.29,97.674,98.4445,99.265,99.265,984.445,1021.595,-1.555499999999995,-0.020248012022412554,8.16,8.32,8.16,558606,549705072.11,824,37.15,1000,7.75,38.64,2026-09-16,6.496919917864476,1836.0,False,True,False,False,False,True,True,98.01,98.757,98.757,8.16,8.32,8.16
2020-03-19,SU26219RMFS4,ОФЗ-ПД 26219,ОФЗ 26219,TQOB,fixed,short_fixed_selected,long,long,98.001,100.0,97.342,100.42949999999999,100.123,100.123,1004.295,1041.665,0.4294999999999902,0.020163645505843153,7.98,7.9,7.98,120069,119595109.68,559,37.37,1000,7.75,38.64,2026-09-16,6.494182067077344,1838.0,False,True,False,False,False,True,True,100.0,99.632,99.632,7.98,7.9,7.98
2020-03-20,SU26219RMFS4,ОФЗ-ПД 26219,ОФЗ 26219,TQOB,fixed,short_fixed_selected,long,long,100.91,102.701,100.91,102.674,102.4445,102.4445,1026.74,1064.32,2.6740000000000066,0.022349010997764873,7.52,7.42,7.52,683278,695272441.68,603,37.58,1000,7.75,38.64,2026-09-16,6.491444216290212,1844.0,False,True,False,False,False,True,True,102.348,101.838,101.838,7.52,7.42,7.52
2020-03-24,SU26219RMFS4,ОФЗ-ПД 26219,ОФЗ 26219,TQOB,fixed,short_fixed_selected,long,long,101.999,105.858,101.803,105.3665,104.913,104.913,1053.665,1092.095,5.366500000000002,0.026473711385400778,7.02,6.93,7.02,186896,195115135.37,455,38.43,1000,7.75,38.64,2026-09-16,6.480492813141684,1848.0,False,True,False,False,False,True,True,104.828,104.398,104.398,7.02,6.93,7.02
2020-04-17,SU26219RMFS4,ОФЗ-ПД 26219,ОФЗ 26219,TQOB,fixed,short_fixed_selected,long,long,107.061,109.65,107.061,110.014,109.02199999999999,109.02199999999999,1100.1399999999999,1105.02,10.013999999999996,0.02442476557625861,6.33,6.04,6.33,589416,635887557.44,307,4.88,1000,7.75,38.64,2026-09-16,6.414784394250513,1901.0,False,True,False,False,False,True,True,109.439,107.884,107.884,6.33,6.04,6.33
2022-02-11,SU26219RMFS4,ОФЗ-ПД 26219,ОФЗ 26219,TQOB,fixed,short_fixed_selected,medium,medium,94.686,94.686,92.433,93.297,94.082,94.082,932.9699999999999,963.1199999999999,-6.703000000000003,-0.009585987261146567,9.79,10.02,9.79,833036,777905813.17,1064,30.15,1000,7.75,38.64,2026-09-16,4.594113620807666,1389.0,False,True,False,False,False,True,True,92.601,93.366,93.366,9.79,10.02,9.79
2022-02-21,SU26219RMFS4,ОФЗ-ПД 26219,ОФЗ 26219,TQOB,fixed,short_fixed_selected,medium,medium,92.588,92.588,89.167,90.331,91.635,91.635,903.3100000000001,935.58,-9.668999999999997,-0.020164876884694594,10.33,10.93,10.33,1557835,1417913063.45,1488,32.27,1000,7.75,38.64,2026-09-16,4.566735112936345,1376.0,False,True,False,False,False,True,True,89.718,91.635,91.635,10.33,10.93,10.33
2022-02-24,SU26219RMFS4,ОФЗ-ПД 26219,ОФЗ 26219,TQOB,fixed,short_fixed_selected,medium,medium,88.151,88.8,79.0,82.01,79.684,79.684,820.1,853.01,-17.989999999999995,-0.08050229846395329,13.72,13.55,13.72,58035,47314332.01,1561,32.91,1000,7.75,38.64,2026-09-16,4.558521560574949,1350.0,False,True,False,False,False,True,True,82.0,81.527,81.527,13.72,13.55,13.72
2022-02-25,SU26219RMFS4,ОФЗ-ПД 26219,ОФЗ 26219,TQOB,fixed,short_fixed_selected,medium,medium,82.999,85.199,80.0,85.199,81.055,81.055,851.99,885.11,-14.801000000000002,0.038885501768076924,13.91,12.43,13.91,397224,322344345.37,1418,33.12,1000,7.75,38.64,2026-09-16,4.555783709787817,1348.0,False,True,False,False,False,True,True,85.199,81.024,81.024,13.91,12.43,13.91
2022-03-21,SU26219RMFS4,ОФЗ-ПД 26219,ОФЗ 26219,TQOB,fixed,short_fixed_selected,medium,medium,78.33,78.963,78.0,78.9,78.38,78.38,789.0,827.22,-21.099999999999994,-0.07393279263841113,14.98,14.86,14.98,842895,660657749.84,3569,38.22,1000,7.75,38.64,2026-09-16,4.490075290896646,1317.0,False,True,False,False,False,True,True,78.7,78.38,78.38,14.98,14.86,14.98
2022-03-22,SU26219RMFS4,ОФЗ-ПД 26219,ОФЗ 26219,TQOB,fixed,short_fixed_selected,medium,medium,78.78,82.369,78.78,81.003,81.219,81.219,810.03,848.4599999999999,-18.997,0.026653992395437198,13.98,13.99,13.98,233367,189114522.67,2032,38.43,1000,7.75,38.64,2026-09-16,4.487337440109514,1323.0,False,True,False,False,False,True,True,81.003,81.037,81.037,13.98,13.99,13.98
2022-03-29,SU26219RMFS4,ОФЗ-ПД 26219,ОФЗ 26219,TQOB,fixed,short_fixed_selected,medium,medium,81.894,83.992,80.587,83.903,83.31,83.31,839.0300000000001,840.3000000000001,-16.096999999999994,0.024519201416447922,13.14,13.0,13.14,10441,8637201.36,488,1.27,1000,7.75,38.64,2026-09-16,4.468172484599589,1383.0,False,True,False,False,False,True,True,83.8,83.394,83.394,13.14,13.0,13.14
2022-03-30,SU26219RMFS4,ОФЗ-ПД 26219,ОФЗ 26219,TQOB,fixed,short_fixed_selected,medium,medium,83.8,87.585,83.351,86.3,85.315,85.315,863.0,864.49,-13.700000000000003,0.028568704337151196,12.49,11.91,12.49,59054,50349753.24,697,1.49,1000,7.75,38.64,2026-09-16,4.465434633812457,1385.0,False,True,False,False,False,True,True,86.951,85.261,85.261,12.49,11.91,12.49
2022-03-31,SU26219RMFS4,ОФЗ-ПД 26219,ОФЗ 26219,TQOB,fixed,short_fixed_selected,medium,medium,87.725,90.499,86.46,88.0,87.614,87.614,880.0,881.7,-12.0,0.01969872537659323,11.15,10.9,11.15,318377,284127205.36,544,1.7,1000,7.75,38.64,2026-09-16,4.462696783025325,1391.0,False,True,False,False,False,True,True,89.999,89.242,89.242,11.15,10.9,11.15
2022-04-01,SU26219RMFS4,ОФЗ-ПД 26219,ОФЗ 26219,TQOB,fixed,short_fixed_selected,medium,medium,89.99,89.99,87.81,87.2,87.445,87.445,872.0,873.91,-12.799999999999997,-0.009090909090909038,11.5,11.58,11.5,26269,23164527.03,633,1.91,1000,7.75,38.64,2026-09-16,4.459958932238193,1388.0,False,True,False,False,False,True,True,87.95,88.182,88.182,11.5,11.58,11.5
2022-04-08,SU26219RMFS4,ОФЗ-ПД 26219,ОФЗ 26219,TQOB,fixed,short_fixed_selected,medium,medium,86.979,89.997,86.142,90.278,88.562,88.562,902.78,906.18,-9.721999999999994,0.037904829790414096,11.31,11.06,11.31,31079,27594057.91,539,3.4,1000,7.75,38.64,2026-09-16,4.440793976728268,1382.0,False,True,False,False,False,True,True,89.551,88.787,88.787,11.31,11.06,11.31
2022-05-25,SU26219RMFS4,ОФЗ-ПД 26219,ОФЗ 26219,TQOB,fixed,short_fixed_selected,medium,medium,92.001,94.0,92.0,94.45,93.879,93.879,944.5,957.88,-5.549999999999997,0.026630434782608736,10.07,9.72,10.07,126605,118763017.2,378,13.38,1000,7.75,38.64,2026-09-16,4.312114989733059,1341.0,False,True,False,False,False,True,True,93.911,92.824,92.824,10.07,9.72,10.07
2022-06-01,SU26219RMFS4,ОФЗ-ПД 26219,ОФЗ 26219,TQOB,fixed,short_fixed_selected,medium,medium,93.714,95.496,93.714,96.09,95.16,95.16,960.9000000000001,975.7600000000001,-3.9099999999999966,0.025463160590796674,9.61,9.25,9.61,448725,423171218.66,206,14.86,1000,7.75,38.64,2026-09-16,4.292950034223135,1336.0,False,True,False,False,False,True,True,95.469,94.305,94.305,9.61,9.25,9.61
2024-12-20,SU26219RMFS4,ОФЗ-ПД 26219,ОФЗ 26219,TQOB,fixed,short_fixed_selected,medium,medium,82.8,84.651,82.4,78.99799999999999,78.741,78.741,789.9799999999999,809.7199999999999,-21.00200000000001,-0.04519138958386215,20.66,19.34,20.66,84410,70165473.34,1799,19.74,1000,7.75,38.64,2026-09-16,1.7385352498288844,587.0,False,True,False,False,False,True,True,84.647,83.125,83.125,20.66,19.34,20.66
2024-12-23,SU26219RMFS4,ОФЗ-ПД 26219,ОФЗ 26219,TQOB,fixed,short_fixed_selected,medium,medium,84.8,86.585,84.648,81.7445,80.21549999999999,80.21549999999999,817.4449999999999,837.8249999999999,-18.255499999999998,0.034766702954505346,18.47,18.04,18.47,116071,99461622.12,2002,20.38,1000,7.75,38.64,2026-09-16,1.730321697467488,587.0,False,True,False,False,False,True,True,86.204,85.69,85.69,18.47,18.04,18.47
2020-03-03,SU26226RMFS9,ОФЗ-ПД 26226,ОФЗ 26226,TQOB,fixed,short_fixed_selected,long,long,110.89,111.45,109.751,110.774,110.2925,110.2925,1107.74,1138.01,10.774000000000001,0.00977192758564116,5.99,5.92,5.99,380463,422773988.73,79,30.27,1000,7.95,39.64,2026-10-07,6.595482546201232,1898.0,False,True,False,False,False,True,True,111.45,111.036,111.036,5.99,5.92,5.99
2020-03-10,SU26226RMFS9,ОФЗ-ПД 26226,ОФЗ 26226,TQOB,fixed,short_fixed_selected,long,long,106.279,108.0,104.751,106.1345,105.74600000000001,105.74600000000001,1061.345,1093.145,6.134500000000003,-0.03373543335761109,6.84,6.8,6.84,32182,34438487.37,143,31.8,1000,7.95,39.64,2026-10-07,6.576317590691307,1878.0,False,True,False,False,False,True,True,106.599,106.402,106.402,6.84,6.8,6.84
2020-03-12,SU26226RMFS9,ОФЗ-ПД 26226,ОФЗ 26226,TQOB,fixed,short_fixed_selected,long,long,103.49,104.769,100.89,100.8155,101.814,101.814,1008.1549999999999,1040.3849999999998,0.8155000000000001,-0.04294231006559768,7.72,7.79,7.72,97564,99783345.98,194,32.23,1000,7.95,39.64,2026-10-07,6.570841889117043,1862.0,False,True,False,False,False,True,True,101.56,101.92,101.92,7.72,7.79,7.72
2020-03-16,SU26226RMFS9,ОФЗ-ПД 26226,ОФЗ 26226,TQOB,fixed,short_fixed_selected,long,long,102.0,104.768,100.4,100.78999999999999,100.0395,100.0395,1007.9,1041.01,0.789999999999992,-0.013989434552925117,7.99,7.96,7.99,169819,170770271.73,267,33.11,1000,7.95,39.64,2026-10-07,6.5598904859685145,1853.0,False,True,False,False,False,True,True,100.71,100.548,100.548,7.99,7.96,7.99
2020-03-18,SU26226RMFS9,ОФЗ-ПД 26226,ОФЗ 26226,TQOB,fixed,short_fixed_selected,long,long,101.3,101.3,98.59,98.4445,99.265,99.265,984.445,1017.985,-1.555499999999995,-0.027228260869565202,8.15,8.34,8.15,572319,569074851.7,319,33.54,1000,7.95,39.64,2026-10-07,6.55441478439425,1849.0,False,True,False,False,False,True,True,98.879,99.773,99.773,8.15,8.34,8.15
2020-03-19,SU26226RMFS9,ОФЗ-ПД 26226,ОФЗ 26226,TQOB,fixed,short_fixed_selected,long,long,99.219,101.762,98.55,100.42949999999999,100.123,100.123,1004.295,1038.055,0.4294999999999902,0.020163645505843153,7.98,7.93,7.98,263990,265335388.05,185,33.76,1000,7.95,39.64,2026-10-07,6.551676933607118,1851.0,False,True,False,False,False,True,True,100.859,100.614,100.614,7.98,7.93,7.98
2020-03-20,SU26226RMFS9,ОФЗ-ПД 26226,ОФЗ 26226,TQOB,fixed,short_fixed_selected,long,long,103.508,103.508,101.999,102.674,102.4445,102.4445,1026.74,1060.72,2.6740000000000066,0.022349010997764873,7.49,7.5,7.49,1009087,1039654599.94,213,33.98,1000,7.95,39.64,2026-10-07,6.548939082819986,1857.0,False,True,False,False,False,True,True,103.0,103.051,103.051,7.49,7.5,7.49
2020-03-24,SU26226RMFS9,ОФЗ-ПД 26226,ОФЗ 26226,TQOB,fixed,short_fixed_selected,long,long,104.429,106.1,103.502,105.3665,104.913,104.913,1053.665,1088.5149999999999,5.366500000000002,0.015199105878272334,7.02,6.93,7.02,856955,905829713.44,250,34.85,1000,7.95,39.64,2026-10-07,6.537987679671458,1861.0,False,True,False,False,False,True,True,105.905,105.428,105.428,7.02,6.93,7.02
2020-04-17,SU26226RMFS9,ОФЗ-ПД 26226,ОФЗ 26226,TQOB,fixed,short_fixed_selected,long,long,108.699,110.84,108.46,110.014,109.02199999999999,109.02199999999999,1100.1399999999999,1100.58,10.013999999999996,0.014337214984464053,6.12,6.04,6.12,281002,309818778.61,142,0.44,1000,7.95,39.64,2026-10-07,6.4722792607802875,1918.0,False,True,False,False,False,True,True,110.589,110.16,110.16,6.12,6.04,6.12
2022-01-13,SU26226RMFS9,ОФЗ-ПД 26226,ОФЗ 26226,TQOB,fixed,short_fixed_selected,medium,medium,97.497,97.631,95.701,95.525,96.124,96.124,955.25,975.29,-4.474999999999994,-0.018867730736837673,9.05,9.23,9.05,482742,466805999.99,1190,20.04,1000,7.95,39.64,2026-10-07,4.731006160164271,1439.0,False,True,False,False,False,True,True,95.9,96.561,96.561,9.05,9.23,9.05
2022-02-11,SU26226RMFS9,ОФЗ-ПД 26226,ОФЗ 26226,TQOB,fixed,short_fixed_selected,medium,medium,94.998,94.998,93.065,93.297,94.082,94.082,932.9699999999999,959.3199999999999,-6.703000000000003,-0.017616089291355164,9.78,10.01,9.78,1020002,958002828.55,1635,26.35,1000,7.95,39.64,2026-10-07,4.65160848733744,1406.0,False,True,False,False,False,True,True,93.297,94.082,94.082,9.78,10.01,9.78
2022-02-21,SU26226RMFS9,ОФЗ-ПД 26226,ОФЗ 26226,TQOB,fixed,short_fixed_selected,medium,medium,93.568,93.569,89.781,90.331,91.635,91.635,903.3100000000001,931.84,-9.668999999999997,-0.026500700506520092,10.32,10.93,10.32,76982,70475441.46,1656,28.53,1000,7.95,39.64,2026-10-07,4.6242299794661195,1392.0,False,True,False,False,False,True,True,90.331,92.322,92.322,10.32,10.93,10.32
2022-02-24,SU26226RMFS9,ОФЗ-ПД 26226,ОФЗ 26226,TQOB,fixed,short_fixed_selected,medium,medium,88.0,88.0,80.859,82.01,79.684,79.684,820.1,849.2900000000001,-17.989999999999995,-0.0869516811400578,14.57,13.06,14.57,50764,43028630.89,1053,29.19,1000,7.95,39.64,2026-10-07,4.616016427104722,1360.0,False,True,False,False,False,True,True,83.899,79.684,79.684,14.57,13.06,14.57
2022-02-25,SU26226RMFS9,ОФЗ-ПД 26226,ОФЗ 26226,TQOB,fixed,short_fixed_selected,medium,medium,77.952,85.632,77.952,85.199,81.055,81.055,851.99,881.39,-14.801000000000002,0.038885501768076924,14.07,12.51,14.07,365524,292085590.51,1869,29.4,1000,7.95,39.64,2026-10-07,4.61327857631759,1363.0,False,True,False,False,False,True,True,85.498,81.055,81.055,14.07,12.51,14.07
2022-03-21,SU26226RMFS9,ОФЗ-ПД 26226,ОФЗ 26226,TQOB,fixed,short_fixed_selected,medium,medium,77.465,80.0,77.0,78.9,78.38,78.38,789.0,823.63,-21.099999999999994,-0.07393279263841113,15.23,14.95,15.23,1583970,1238484805.05,4461,34.63,1000,7.95,39.64,2026-10-07,4.547570157426421,1331.0,False,True,False,False,False,True,True,78.9,78.189,78.189,15.23,14.95,15.23
2022-03-22,SU26226RMFS9,ОФЗ-ПД 26226,ОФЗ 26226,TQOB,fixed,short_fixed_selected,medium,medium,80.0,82.572,79.8,81.003,81.219,81.219,810.03,844.88,-18.997,0.026653992395437198,14.07,14.11,14.07,497946,404657458.17,1921,34.85,1000,7.95,39.64,2026-10-07,4.544832306639288,1338.0,False,True,False,False,False,True,True,81.15,81.265,81.265,14.07,14.11,14.07
2022-03-29,SU26226RMFS9,ОФЗ-ПД 26226,ОФЗ 26226,TQOB,fixed,short_fixed_selected,medium,medium,85.498,86.447,82.6,83.903,83.31,83.31,839.0300000000001,875.4000000000001,-16.096999999999994,0.01455882175117007,13.35,13.09,13.35,152610,127138820.4,579,36.37,1000,7.95,39.64,2026-10-07,4.525667351129363,1336.0,False,True,False,False,False,True,True,84.039,83.31,83.31,13.35,13.09,13.35
2022-03-30,SU26226RMFS9,ОФЗ-ПД 26226,ОФЗ 26226,TQOB,fixed,short_fixed_selected,medium,medium,84.673,86.773,84.05,86.3,85.315,85.315,863.0,899.59,-13.700000000000003,0.028568704337151196,12.55,12.35,12.55,569664,487643697.99,735,36.59,1000,7.95,39.64,2026-10-07,4.522929500342231,1340.0,False,True,False,False,False,True,True,86.19,85.602,85.602,12.55,12.35,12.55
2022-03-31,SU26226RMFS9,ОФЗ-ПД 26226,ОФЗ 26226,TQOB,fixed,short_fixed_selected,medium,medium,86.19,87.9,85.927,88.0,87.614,87.614,880.0,916.81,-12.0,0.01969872537659323,12.16,11.84,12.16,279302,242343834.9,643,36.81,1000,7.95,39.64,2026-10-07,4.520191649555099,1342.0,False,True,False,False,False,True,True,87.714,86.768,86.768,12.16,11.84,12.16
2022-04-08,SU26226RMFS9,ОФЗ-ПД 26226,ОФЗ 26226,TQOB,fixed,short_fixed_selected,medium,medium,87.8,91.2,86.646,90.278,88.562,88.562,902.78,941.3299999999999,-9.721999999999994,0.04032081494370776,11.58,10.98,11.58,67004,59340312.24,713,38.55,1000,7.95,39.64,2026-10-07,4.498288843258043,1338.0,False,True,False,False,False,True,True,90.411,88.562,88.562,11.58,10.98,11.58
2022-05-25,SU26226RMFS9,ОФЗ-ПД 26226,ОФЗ 26226,TQOB,fixed,short_fixed_selected,medium,medium,92.009,94.764,92.009,94.45,93.879,93.879,944.5,953.65,-5.549999999999997,0.020783122764166162,9.93,9.75,9.93,206034,193422620.74,452,9.15,1000,7.95,39.64,2026-10-07,4.369609856262834,1358.0,False,True,False,False,False,True,True,94.45,93.879,93.879,9.93,9.75,9.93
2022-06-01,SU26226RMFS9,ОФЗ-ПД 26226,ОФЗ 26226,TQOB,fixed,short_fixed_selected,medium,medium,94.735,96.1,94.401,96.09,95.16,95.16,960.9000000000001,971.57,-3.9099999999999966,0.017805505831011814,9.54,9.26,9.54,62485,59460904.12,283,10.67,1000,7.95,39.64,2026-10-07,4.350444900752909,1353.0,False,True,False,False,False,True,True,96.09,95.16,95.16,9.54,9.26,9.54
2022-09-20,SU26226RMFS9,ОФЗ-ПД 26226,ОФЗ 26226,TQOB,fixed,short_fixed_selected,medium,medium,99.745,99.745,96.7,97.805,98.553,98.553,978.0500000000001,1012.9000000000001,-2.194999999999993,-0.015808645950732503,8.55,8.79,8.55,57986,57146907.34,1047,34.85,1000,7.95,39.64,2026-10-07,4.046543463381246,1247.0,False,True,False,False,False,True,True,97.785,98.553,98.553,8.55,8.79,8.55
2022-09-27,SU26226RMFS9,ОФЗ-ПД 26226,ОФЗ 26226,TQOB,fixed,short_fixed_selected,medium,medium,94.766,97.772,94.766,96.999,96.613,96.613,969.9899999999999,1006.3599999999999,-3.0010000000000048,0.014909912737773867,9.17,9.05,9.17,170533,164756758.63,833,36.37,1000,7.95,39.64,2026-10-07,4.027378507871321,1237.0,False,True,False,False,False,True,True,96.999,96.613,96.613,9.17,9.05,9.17
2022-10-03,SU26226RMFS9,ОФЗ-ПД 26226,ОФЗ 26226,TQOB,fixed,short_fixed_selected,medium,medium,96.0,97.2,95.223,96.959,95.998,95.998,969.59,1007.27,-3.040999999999997,0.01632041256996719,9.44,9.06,9.44,9793,9382008.54,480,37.68,1000,7.95,39.64,2026-10-07,4.010951403148528,1230.0,False,True,False,False,False,True,True,96.959,95.803,95.803,9.44,9.06,9.44
2024-12-20,SU26226RMFS9,ОФЗ-ПД 26226,ОФЗ 26226,TQOB,fixed,short_fixed_selected,medium,medium,82.577,84.899,81.95,78.99799999999999,78.741,78.741,789.9799999999999,805.6599999999999,-21.00200000000001,-0.043341366239994294,19.77,19.34,19.77,178016,149522837.9,2124,15.68,1000,7.95,39.64,2026-10-07,1.7960301163586585,608.0,False,True,False,False,False,True,True,84.5,83.994,83.994,19.77,19.34,19.77
2024-12-23,SU26226RMFS9,ОФЗ-ПД 26226,ОФЗ 26226,TQOB,fixed,short_fixed_selected,medium,medium,84.301,86.899,83.7,81.7445,80.21549999999999,80.21549999999999,817.4449999999999,833.785,-18.255499999999998,0.034766702954505346,18.11,17.82,18.11,308651,265503277.48,2206,16.34,1000,7.95,39.64,2026-10-07,1.787816563997262,607.0,False,True,False,False,False,True,True,86.377,86.021,86.021,18.11,17.82,18.11
2020-03-10,SU26232RMFS7,ОФЗ-ПД 26232,ОФЗ 26232,TQOB,fixed,medium_fixed_selected,long,long,98.052,98.485,95.023,106.1345,105.74600000000001,105.74600000000001,1061.345,1077.285,6.134500000000003,0.07098385469223012,6.84,6.78,6.84,133527,128419109.52,861,15.94,1000,6.0,21.86,2027-10-06,7.572895277207392,2213.0,False,True,False,False,False,True,True,96.099,95.767,95.767,6.84,6.78,6.84
2020-03-12,SU26232RMFS7,ОФЗ-ПД 26232,ОФЗ 26232,TQOB,fixed,medium_fixed_selected,long,long,96.798,96.798,90.1,100.8155,101.814,101.814,1008.1549999999999,1024.425,0.8155000000000001,0.05920886740911957,7.58,7.75,7.58,192526,176707320.02,841,16.27,1000,6.0,21.86,2027-10-06,7.567419575633128,2196.0,False,True,False,False,False,True,True,90.9,91.751,91.751,7.58,7.75,7.58
2020-03-17,SU26232RMFS7,ОФЗ-ПД 26232,ОФЗ 26232,TQOB,fixed,medium_fixed_selected,long,long,92.795,92.969,90.49,100.8395,100.479,100.479,1008.395,1025.485,0.839500000000001,0.08564984281469368,7.67,7.73,7.67,3875,3537989.37,243,17.09,1000,6.0,21.86,2027-10-06,7.553730321697468,2189.0,False,True,False,False,False,True,True,91.0,91.303,91.303,7.67,7.73,7.67
2020-03-18,SU26232RMFS7,ОФЗ-ПД 26232,ОФЗ 26232,TQOB,fixed,medium_fixed_selected,long,long,91.109,91.119,88.62,98.4445,99.265,99.265,984.445,1001.705,-1.555499999999995,-0.023750613598837678,8.06,8.15,8.06,54202,48404391.25,429,17.26,1000,6.0,21.86,2027-10-06,7.5509924709103355,2181.0,False,True,False,False,False,True,True,88.898,89.326,89.326,8.06,8.15,8.06
2020-03-20,SU26232RMFS7,ОФЗ-ПД 26232,ОФЗ 26232,TQOB,fixed,medium_fixed_selected,long,long,90.348,92.999,90.051,102.674,102.4445,102.4445,1026.74,1044.33,2.6740000000000066,0.1408222222222224,7.51,7.46,7.51,648357,597707908.88,457,17.59,1000,6.0,21.86,2027-10-06,7.545516769336071,2189.0,False,True,False,False,False,True,True,92.448,92.135,92.135,7.51,7.46,7.51
2020-03-24,SU26232RMFS7,ОФЗ-ПД 26232,ОФЗ 26232,TQOB,fixed,medium_fixed_selected,long,long,94.09,95.74,93.6,105.3665,104.913,104.913,1053.665,1071.905,5.366500000000002,0.13299748381685617,7.08,6.94,7.08,678022,641097533.52,360,18.24,1000,6.0,21.86,2027-10-06,7.534565366187543,2194.0,False,True,False,False,False,True,True,95.208,94.473,94.473,7.08,6.94,7.08
2020-04-17,SU26232RMFS7,ОФЗ-ПД 26232,ОФЗ 26232,TQOB,fixed,medium_fixed_selected,long,long,97.897,99.613,97.61,110.014,109.02199999999999,109.02199999999999,1100.1399999999999,1100.4699999999998,10.013999999999996,0.1266154633896568,6.19,6.16,6.19,437443,435514341.93,478,0.33,1000,6.0,29.92,2027-10-06,7.468856947296373,2235.0,False,True,False,False,False,True,True,99.6,99.423,99.423,6.19,6.16,6.19
2022-02-21,SU26232RMFS7,ОФЗ-ПД 26232,ОФЗ 26232,TQOB,fixed,medium_fixed_selected,long,long,84.97,84.971,80.25,77.0625,78.8075,78.8075,770.625,792.165,-22.9375,-0.07746040486993166,10.71,10.94,10.71,80590,65980860.12,821,21.54,1000,6.0,29.92,2027-10-06,5.620807665982204,1692.0,False,True,False,False,False,True,True,80.668,81.47,81.47,10.71,10.94,10.71
2022-02-24,SU26232RMFS7,ОФЗ-ПД 26232,ОФЗ 26232,TQOB,fixed,medium_fixed_selected,long,long,79.6,79.6,66.101,67.9385,65.3215,65.3215,679.385,701.415,-32.061499999999995,-0.1514051961029228,16.49,14.38,16.49,117068,80601978.04,1394,22.03,1000,6.0,29.92,2027-10-06,5.6125941136208075,1630.0,False,True,False,False,False,True,True,69.878,64.211,64.211,16.49,14.38,16.49
2022-02-25,SU26232RMFS7,ОФЗ-ПД 26232,ОФЗ 26232,TQOB,fixed,medium_fixed_selected,long,long,72.24,73.96,67.242,69.495,67.7755,67.7755,694.95,717.1400000000001,-30.504999999999995,0.022910426341470558,13.45,13.26,13.45,102927,74777937.21,861,22.19,1000,6.0,29.92,2027-10-06,5.6098562628336754,1661.0,False,True,False,False,False,True,True,73.2,72.651,72.651,13.45,13.26,13.45
2022-03-21,SU26232RMFS7,ОФЗ-ПД 26232,ОФЗ 26232,TQOB,fixed,medium_fixed_selected,long,long,70.0,70.0,66.999,63.62,61.2685,61.2685,636.1999999999999,662.3399999999999,-36.38,-0.0845384560040292,14.73,14.86,14.73,605702,418952366.67,3523,26.14,1000,6.0,29.92,2027-10-06,5.544147843942505,1623.0,False,True,False,False,False,True,True,68.8,69.168,69.168,14.73,14.86,14.73
2022-03-22,SU26232RMFS7,ОФЗ-ПД 26232,ОФЗ 26232,TQOB,fixed,medium_fixed_selected,long,long,69.78,72.459,69.141,65.147,64.88550000000001,64.88550000000001,651.4700000000001,677.7700000000001,-34.852999999999994,0.024001886199308542,14.18,14.14,14.18,223735,158336222.6,1629,26.3,1000,6.0,29.92,2027-10-06,5.541409993155373,1628.0,False,True,False,False,False,True,True,70.85,70.72,70.72,14.18,14.14,14.18
2022-03-29,SU26232RMFS7,ОФЗ-ПД 26232,ОФЗ 26232,TQOB,fixed,medium_fixed_selected,long,long,71.3,74.691,71.26,68.3025,66.401,66.401,683.025,710.475,-31.697500000000005,-0.04472027972027981,13.72,13.01,13.72,255715,184443912.14,637,27.45,1000,6.0,29.92,2027-10-06,5.522245037645448,1626.0,False,True,False,False,False,True,True,74.253,72.129,72.129,13.72,13.01,13.72
2022-03-30,SU26232RMFS7,ОФЗ-ПД 26232,ОФЗ 26232,TQOB,fixed,medium_fixed_selected,long,long,74.99,77.024,73.77,71.94149999999999,71.259,71.259,719.415,747.035,-28.05850000000001,0.05327769847370156,12.97,12.31,12.97,140817,104734295.55,497,27.62,1000,6.0,29.92,2027-10-06,5.519507186858316,1632.0,False,True,False,False,False,True,True,76.434,74.376,74.376,12.97,12.31,12.97
2022-03-31,SU26232RMFS7,ОФЗ-ПД 26232,ОФЗ 26232,TQOB,fixed,medium_fixed_selected,long,long,76.434,78.847,76.116,73.245,73.1125,73.1125,732.45,760.23,-26.754999999999995,0.018118888263380928,12.01,11.57,12.01,299357,231651281.86,532,27.78,1000,6.0,29.92,2027-10-06,5.516769336071184,1641.0,False,True,False,False,False,True,True,78.847,77.383,77.383,12.01,11.57,12.01
2022-04-08,SU26232RMFS7,ОФЗ-ПД 26232,ОФЗ 26232,TQOB,fixed,medium_fixed_selected,long,long,76.988,81.5,76.175,75.8545,73.2895,73.2895,758.5450000000001,787.6450000000001,-24.1455,-0.007412883893170741,12.01,10.99,12.01,108281,85394462.82,561,29.1,1000,6.0,29.92,2027-10-06,5.494866529774128,1633.0,False,True,False,False,False,True,True,80.836,77.496,77.496,12.01,10.99,12.01
2022-05-25,SU26232RMFS7,ОФЗ-ПД 26232,ОФЗ 26232,TQOB,fixed,medium_fixed_selected,long,long,83.629,85.804,83.407,82.72049999999999,81.95599999999999,81.95599999999999,827.2049999999998,834.1049999999998,-17.279500000000013,-0.008230724039948845,9.99,9.77,9.99,1034122,877872006.55,493,6.9,1000,6.0,29.92,2027-10-06,5.366187542778919,1664.0,False,True,False,False,False,True,True,85.385,84.579,84.579,9.99,9.77,9.99
2022-09-20,SU26232RMFS7,ОФЗ-ПД 26232,ОФЗ 26232,TQOB,fixed,medium_fixed_selected,long,long,90.177,90.177,87.764,82.086,83.25399999999999,83.25399999999999,820.86,847.16,-17.914,-0.08972354369739521,9.12,9.22,9.12,581092,513259774.12,972,26.3,1000,6.0,29.92,2027-10-06,5.04312114989733,1553.0,False,True,False,False,False,True,True,87.975,88.327,88.327,9.12,9.22,9.12
2024-12-20,SU26232RMFS7,ОФЗ-ПД 26232,ОФЗ 26232,TQOB,fixed,medium_fixed_selected,medium,medium,71.401,74.068,71.303,78.99799999999999,78.741,78.741,789.9799999999999,801.8199999999999,-21.00200000000001,0.10486713286713267,19.88,19.16,19.88,58391,42538884.73,2447,11.84,1000,6.0,29.92,2027-10-06,2.7926078028747434,924.0,False,True,False,False,False,True,True,73.98,72.852,72.852,19.88,19.16,19.88
2024-12-23,SU26232RMFS7,ОФЗ-ПД 26232,ОФЗ 26232,TQOB,fixed,medium_fixed_selected,medium,medium,74.0,76.67,73.98,81.7445,80.21549999999999,80.21549999999999,817.4449999999999,829.775,-18.255499999999998,0.034766702954505346,18.16,17.65,18.16,78964,59717433.51,2443,12.33,1000,6.0,29.92,2027-10-06,2.784394250513347,925.0,False,True,False,False,False,True,True,76.469,75.626,75.626,18.16,17.65,18.16
2022-02-21,SU26236RMFS8,ОФЗ-ПД 26236,ОФЗ 26236,TQOB,fixed,medium_fixed_selected,long,long,81.08,81.375,77.739,77.0625,78.8075,78.8075,770.625,784.525,-22.9375,-0.04778821203509209,10.21,10.82,10.21,81375,64553186.94,465,13.9,1000,5.7,28.42,2028-05-17,6.234086242299795,1871.0,False,True,False,False,False,True,True,78.26,80.552,80.552,10.21,10.82,10.21
2022-02-24,SU26236RMFS8,ОФЗ-ПД 26236,ОФЗ 26236,TQOB,fixed,medium_fixed_selected,long,long,76.0,76.0,68.332,67.9385,65.3215,65.3215,679.385,693.755,-32.061499999999995,-0.12008159564823195,12.58,12.9,12.58,4448,3209963.5,312,14.37,1000,5.7,28.42,2028-05-17,6.225872689938399,1839.0,False,True,False,False,False,True,True,71.1,72.166,72.166,12.58,12.9,12.58
2022-03-21,SU26236RMFS8,ОФЗ-ПД 26236,ОФЗ 26236,TQOB,fixed,medium_fixed_selected,long,long,64.0,70.999,63.0,63.62,61.2685,61.2685,636.1999999999999,654.4699999999999,-36.38,-0.09758865248226956,14.89,14.04,14.89,182950,119454963.86,4683,18.27,1000,5.7,28.42,2028-05-17,6.157426420260096,1785.0,False,True,False,False,False,True,True,67.8,65.294,65.294,14.89,14.04,14.89
2022-03-29,SU26236RMFS8,ОФЗ-ПД 26236,ОФЗ 26236,TQOB,fixed,medium_fixed_selected,long,long,68.5,71.689,68.189,68.3025,66.401,66.401,683.025,702.545,-31.697500000000005,-0.0019507276871824075,13.36,12.95,13.36,73307,51281444.05,571,19.52,1000,5.7,28.42,2028-05-17,6.135523613963039,1796.0,False,True,False,False,False,True,True,71.255,69.954,69.954,13.36,12.95,13.36
2022-03-30,SU26236RMFS8,ОФЗ-ПД 26236,ОФЗ 26236,TQOB,fixed,medium_fixed_selected,long,long,71.989,74.649,71.072,71.94149999999999,71.259,71.259,719.415,739.0949999999999,-28.05850000000001,0.05327769847370156,12.45,12.07,12.45,60949,44014531.94,418,19.68,1000,5.7,28.42,2028-05-17,6.132785763175907,1807.0,False,True,False,False,False,True,True,74.133,72.883,72.883,12.45,12.07,12.45
2022-04-08,SU26236RMFS8,ОФЗ-ПД 26236,ОФЗ 26236,TQOB,fixed,medium_fixed_selected,long,long,73.99,79.332,73.459,75.8545,73.2895,73.2895,758.5450000000001,779.6250000000001,-24.1455,0.029247343925969282,11.38,11.0,11.38,26294,20142484.85,565,21.08,1000,5.7,28.42,2028-05-17,6.108145106091718,1811.0,False,True,False,False,False,True,True,77.931,76.605,76.605,11.38,11.0,11.38
2022-05-25,SU26236RMFS8,ОФЗ-ПД 26236,ОФЗ 26236,TQOB,fixed,medium_fixed_selected,long,long,80.9,83.65,80.664,82.72049999999999,81.95599999999999,81.95599999999999,827.2049999999998,827.2049999999998,-17.279500000000013,0.02134161398656631,9.87,9.69,9.87,289839,238908093.75,452,0.0,1000,5.7,28.42,2028-05-17,5.979466119096509,1843.0,False,True,False,False,False,True,True,83.091,82.428,82.428,9.87,9.69,9.87
2022-09-20,SU26236RMFS8,ОФЗ-ПД 26236,ОФЗ 26236,TQOB,fixed,medium_fixed_selected,long,long,87.048,87.048,84.271,82.086,83.25399999999999,83.25399999999999,820.86,839.29,-17.914,-0.05430875576036864,9.11,9.55,9.11,2510672,2153399002.7,966,18.43,1000,5.7,28.42,2028-05-17,5.6563997262149215,1732.0,False,True,False,False,False,True,True,84.282,85.97,85.97,9.11,9.55,9.11
2024-12-20,SU26236RMFS8,ОФЗ-ПД 26236,ОФЗ 26236,TQOB,fixed,medium_fixed_selected,medium,medium,67.3,70.255,67.019,78.99799999999999,78.741,78.741,789.9799999999999,794.6599999999999,-21.00200000000001,0.17381872213967298,19.13,18.63,19.13,94878,65569008.59,1760,4.68,1000,5.7,28.42,2028-05-17,3.405886379192334,1114.0,False,True,False,False,False,True,True,70.012,69.109,69.109,19.13,18.63,19.13
2024-12-23,SU26236RMFS8,ОФЗ-ПД 26236,ОФЗ 26236,TQOB,fixed,medium_fixed_selected,medium,medium,70.013,73.963,70.013,81.7445,80.21549999999999,80.21549999999999,817.4449999999999,822.5949999999999,-18.255499999999998,0.034766702954505346,17.45,17.29,17.45,252860,182590722.42,1671,5.15,1000,5.7,28.42,2028-05-17,3.3976728268309375,1117.0,False,True,False,False,False,True,True,72.511,72.21,72.21,17.45,17.29,17.45
2022-02-21,SU26238RMFS4,ОФЗ-ПД 26238,ОФЗ 26238,TQOB,fixed,long_fixed_selected,long,long,80.173,80.174,73.506,77.0625,78.8075,78.8075,770.625,785.215,-22.9375,-0.02057040454493453,10.01,10.44,10.01,470094,363051267.11,1245,14.59,1000,7.1,35.4,2041-05-15,19.227926078028748,3441.0,False,True,False,False,False,True,True,74.218,76.972,76.972,10.01,10.44,10.01
2022-02-24,SU26238RMFS4,ОФЗ-ПД 26238,ОФЗ 26238,TQOB,fixed,long_fixed_selected,long,long,70.729,70.729,60.99,67.9385,65.3215,65.3215,679.385,694.555,-32.061499999999995,-0.06934836509088915,11.78,11.86,11.78,92451,61417151.28,1053,15.17,1000,7.1,35.4,2041-05-15,19.21971252566735,3175.0,False,True,False,False,False,True,True,65.999,66.432,66.432,11.78,11.86,11.78
2022-03-21,SU26238RMFS4,ОФЗ-ПД 26238,ОФЗ 26238,TQOB,fixed,long_fixed_selected,long,long,56.266,63.499,55.0,63.62,61.2685,61.2685,636.1999999999999,656.2299999999999,-36.38,-0.06402636379685744,13.76,13.68,13.76,356020,203797859.14,5976,20.03,1000,7.1,35.4,2041-05-15,19.15126625598905,2876.0,False,True,False,False,False,True,True,57.585,57.243,57.243,13.76,13.68,13.76
2022-03-22,SU26238RMFS4,ОФЗ-ПД 26238,ОФЗ 26238,TQOB,fixed,long_fixed_selected,long,long,59.78,61.997,57.8,65.147,64.88550000000001,64.88550000000001,651.4700000000001,671.7000000000002,-34.852999999999994,0.024001886199308542,12.99,12.78,12.99,165152,99998632.85,2897,20.23,1000,7.1,35.4,2041-05-15,19.148528405201915,2979.0,False,True,False,False,False,True,True,61.5,60.549,60.549,12.99,12.78,12.99
2022-03-29,SU26238RMFS4,ОФЗ-ПД 26238,ОФЗ 26238,TQOB,fixed,long_fixed_selected,long,long,60.44,64.741,60.126,68.3025,66.401,66.401,683.025,704.615,-31.697500000000005,0.13008769027134348,12.67,12.19,12.67,412297,255859287.41,1016,21.59,1000,7.1,35.4,2041-05-15,19.129363449691994,3016.0,False,True,False,False,False,True,True,64.38,62.057,62.057,12.67,12.19,12.67
2022-03-30,SU26238RMFS4,ОФЗ-ПД 26238,ОФЗ 26238,TQOB,fixed,long_fixed_selected,long,long,64.3,71.499,64.3,71.94149999999999,71.259,71.259,719.415,741.1949999999999,-28.05850000000001,0.05327769847370156,11.21,11.29,11.21,519029,361425041.29,1212,21.78,1000,7.1,35.4,2041-05-15,19.12662559890486,3224.0,False,True,False,False,False,True,True,69.15,69.635,69.635,11.21,11.29,11.21
2022-04-04,SU26238RMFS4,ОФЗ-ПД 26238,ОФЗ 26238,TQOB,fixed,long_fixed_selected,long,long,69.799,69.799,66.5,71.4695,71.762,71.762,714.6949999999999,737.4549999999999,-28.530500000000004,0.03491992238408281,11.56,11.78,11.56,37510,25393736.14,1002,22.76,1000,7.1,35.4,2041-05-15,19.1129363449692,3168.0,False,True,False,False,False,True,True,66.5,67.699,67.699,11.56,11.78,11.56
2022-04-08,SU26238RMFS4,ОФЗ-ПД 26238,ОФЗ 26238,TQOB,fixed,long_fixed_selected,long,long,68.0,73.6,66.605,75.8545,73.2895,73.2895,758.5450000000001,782.085,-24.1455,0.13466313648058392,11.31,10.77,11.31,231095,159582128.62,1515,23.54,1000,7.1,35.4,2041-05-15,19.10198494182067,3201.0,False,True,False,False,False,True,True,72.188,69.055,69.055,11.31,10.77,11.31
2022-05-25,SU26238RMFS4,ОФЗ-ПД 26238,ОФЗ 26238,TQOB,fixed,long_fixed_selected,long,long,77.35,81.5,77.35,82.72049999999999,81.95599999999999,81.95599999999999,827.2049999999998,859.8849999999998,-17.279500000000013,0.06912707439383747,9.48,9.47,9.48,116022,93744202.57,958,32.68,1000,7.1,35.4,2041-05-15,18.973305954825463,3429.0,False,True,False,False,False,True,True,80.899,80.812,80.812,9.48,9.47,9.48
2022-09-20,SU26238RMFS4,ОФЗ-ПД 26238,ОФЗ 26238,TQOB,fixed,long_fixed_selected,long,long,82.0,83.28,77.5,82.086,83.25399999999999,83.25399999999999,820.86,841.09,-17.914,0.0020263671875000444,9.53,9.83,9.53,828337,667127330.8,3347,20.23,1000,7.1,35.4,2041-05-15,18.650239561943874,3453.0,False,True,False,False,False,True,True,78.472,80.538,80.538,9.53,9.83,9.53
2024-11-07,SU26238RMFS4,ОФЗ-ПД 26238,ОФЗ 26238,TQOB,fixed,long_fixed_selected,long,long,49.5,51.311,49.351,53.498,53.109,53.109,534.98,565.13,-46.502,0.0799168332021234,16.03,15.84,16.03,1011281,511893718.61,16278,30.15,1000,7.1,35.4,2041-05-15,16.517453798767967,2518.0,False,True,False,False,False,True,True,51.231,50.618,50.618,16.03,15.84,16.03
2024-12-20,SU26238RMFS4,ОФЗ-ПД 26238,ОФЗ 26238,TQOB,fixed,long_fixed_selected,long,long,52.1,55.22,50.502,57.802,57.59,57.59,578.02,581.13,-42.198,0.1072331622097924,15.08,14.92,15.08,3440691,1854033668.06,30520,3.11,1000,7.1,35.4,2041-05-15,16.399726214921287,2742.0,False,True,False,False,False,True,True,54.456,53.886,53.886,15.08,14.92,15.08
2025-02-12,SU26238RMFS4,ОФЗ-ПД 26238,ОФЗ 26238,TQOB,fixed,long_fixed_selected,long,long,51.421,54.365,51.201,55.6,53.413,53.413,556.0,569.62,-44.4,0.08127029812722442,15.57,14.97,15.57,5769455,3016860959.43,63093,13.62,1000,7.1,35.4,2041-05-15,16.251882272416154,2641.0,False,True,False,False,False,True,True,54.365,52.278,52.278,15.57,14.97,15.57
2022-02-21,SU26240RMFS0,ОФЗ-ПД 26240,ОФЗ 26240,TQOB,fixed,long_fixed_selected,long,long,79.542,80.849,75.001,77.0625,78.8075,78.8075,770.625,771.585,-22.9375,-0.038893254012795975,10.29,10.5,10.29,50418,38853675.0,664,0.96,1000,7.0,34.9,2036-07-30,14.43668720054757,3114.0,False,True,False,False,False,True,True,75.865,77.063,77.063,10.29,10.5,10.29
2022-02-24,SU26240RMFS0,ОФЗ-ПД 26240,ОФЗ 26240,TQOB,fixed,long_fixed_selected,long,long,73.99,74.0,59.6,67.9385,65.3215,65.3215,679.385,680.915,-32.061499999999995,-0.09100214075461588,12.77,12.48,12.77,60721,38965102.52,1055,1.53,1000,7.0,34.9,2036-07-30,14.428473648186174,2892.0,False,True,False,False,False,True,True,65.499,64.171,64.171,12.77,12.48,12.77
2022-02-25,SU26240RMFS0,ОФЗ-ПД 26240,ОФЗ 26240,TQOB,fixed,long_fixed_selected,long,long,65.499,68.628,62.0,69.495,67.7755,67.7755,694.95,696.6800000000001,-30.504999999999995,0.022910426341470558,13.03,11.86,13.03,64641,40754987.67,503,1.73,1000,7.0,34.9,2036-07-30,14.425735797399042,2869.0,False,True,False,False,False,True,True,68.49,63.048,63.048,13.03,11.86,13.03
2022-03-21,SU26240RMFS0,ОФЗ-ПД 26240,ОФЗ 26240,TQOB,fixed,long_fixed_selected,long,long,55.0,60.0,53.0,63.62,61.2685,61.2685,636.1999999999999,642.53,-36.38,-0.0845384560040292,14.72,13.9,14.72,690204,388561571.33,3532,6.33,1000,7.0,34.9,2036-07-30,14.360027378507871,2700.0,False,True,False,False,False,True,True,59.44,56.297,56.297,14.72,13.9,14.72
2022-03-22,SU26240RMFS0,ОФЗ-ПД 26240,ОФЗ 26240,TQOB,fixed,long_fixed_selected,long,long,62.32,62.507,60.11,65.147,64.88550000000001,64.88550000000001,651.4700000000001,657.9900000000001,-34.852999999999994,0.024001886199308542,13.31,13.16,13.31,129689,79984546.12,1558,6.52,1000,7.0,34.9,2036-07-30,14.35728952772074,2820.0,False,True,False,False,False,True,True,62.499,61.872,61.872,13.31,13.16,13.31
2022-03-29,SU26240RMFS0,ОФЗ-ПД 26240,ОФЗ 26240,TQOB,fixed,long_fixed_selected,long,long,65.195,65.999,61.803,68.3025,66.401,66.401,683.025,690.885,-31.697500000000005,0.10165322580645153,13.09,12.53,13.09,207172,130203640.4,574,7.86,1000,7.0,34.9,2036-07-30,14.338124572210814,2832.0,False,True,False,False,False,True,True,65.35,62.848,62.848,13.09,12.53,13.09
2022-03-30,SU26240RMFS0,ОФЗ-ПД 26240,ОФЗ 26240,TQOB,fixed,long_fixed_selected,long,long,65.546,71.201,65.4,71.94149999999999,71.259,71.259,719.415,727.4649999999999,-28.05850000000001,0.05327769847370156,11.72,11.63,11.72,146720,101642155.53,811,8.05,1000,7.0,34.9,2036-07-30,14.335386721423683,2951.0,False,True,False,False,False,True,True,69.75,69.276,69.276,11.72,11.63,11.72
2022-04-08,SU26240RMFS0,ОФЗ-ПД 26240,ОФЗ 26240,TQOB,fixed,long_fixed_selected,long,long,68.782,73.78,68.45,75.8545,73.2895,73.2895,758.5450000000001,768.325,-24.1455,0.10271264300978356,11.59,10.88,11.59,122892,85992849.82,634,9.78,1000,7.0,34.9,2036-07-30,14.310746064339494,2953.0,False,True,False,False,False,True,True,73.778,69.974,69.974,11.59,10.88,11.59
2022-05-25,SU26240RMFS0,ОФЗ-ПД 26240,ОФЗ 26240,TQOB,fixed,long_fixed_selected,long,long,78.551,82.501,78.551,82.72049999999999,81.95599999999999,81.95599999999999,827.2049999999998,845.9949999999998,-17.279500000000013,0.05308016447912811,9.6,9.47,9.6,16449,13405598.79,457,18.79,1000,7.0,34.9,2036-07-30,14.182067077344286,3083.0,False,True,False,False,False,True,True,82.35,81.484,81.484,9.6,9.47,9.6
2022-09-20,SU26240RMFS0,ОФЗ-ПД 26240,ОФЗ 26240,TQOB,fixed,long_fixed_selected,long,long,83.161,84.246,79.223,82.086,83.25399999999999,83.25399999999999,820.86,827.38,-17.914,-0.012677411594900212,9.8,9.89,9.8,818642,658847859.94,2725,6.52,1000,7.0,34.9,2036-07-30,13.859000684462696,3076.0,False,True,False,False,False,True,True,79.89,80.468,80.468,9.8,9.89,9.8
2022-10-03,SU26240RMFS0,ОФЗ-ПД 26240,ОФЗ 26240,TQOB,fixed,long_fixed_selected,long,long,74.9,78.2,74.44,80.4135,78.9125,78.9125,804.135,813.145,-19.5865,0.0736114819759679,10.64,10.24,10.64,13570,10246561.02,759,9.01,1000,7.0,34.9,2036-07-30,13.82340862422998,2994.0,False,True,False,False,False,True,True,77.8,75.509,75.509,10.64,10.24,10.64
2024-11-07,SU26240RMFS0,ОФЗ-ПД 26240,ОФЗ 26240,TQOB,fixed,long_fixed_selected,long,long,51.943,53.595,51.404,53.498,53.109,53.109,534.98,551.28,-46.502,0.03642140338641542,16.59,16.47,16.59,1803545,957841505.32,3007,16.3,1000,7.0,34.9,2036-07-30,11.72621492128679,2378.0,False,True,False,False,False,True,True,53.498,53.109,53.109,16.59,16.47,16.59
2024-12-20,SU26240RMFS0,ОФЗ-ПД 26240,ОФЗ 26240,TQOB,fixed,long_fixed_selected,long,long,55.105,58.912,54.35,57.802,57.59,57.59,578.02,602.5699999999999,-42.198,0.048923892135157576,15.27,15.21,15.27,461108,265553436.96,4263,24.55,1000,7.0,34.9,2036-07-30,11.60848733744011,2412.0,False,True,False,False,False,True,True,57.802,57.59,57.59,15.27,15.21,15.27
2024-12-23,SU26240RMFS0,ОФЗ-ПД 26240,ОФЗ 26240,TQOB,fixed,long_fixed_selected,long,long,57.8,60.668,56.561,60.286,60.219,60.219,602.86,627.98,-39.714,0.04297429154700527,14.53,14.51,14.53,456990,275194716.05,3938,25.12,1000,7.0,34.9,2036-07-30,11.600273785078713,2455.0,False,True,False,False,False,True,True,60.286,60.219,60.219,14.53,14.51,14.53
2025-02-12,SU26240RMFS0,ОФЗ-ПД 26240,ОФЗ 26240,TQOB,fixed,long_fixed_selected,long,long,52.94,55.649,52.71,55.6,53.413,53.413,556.0,556.0,-44.4,0.0500868776913197,16.63,15.93,16.63,1932648,1032276753.38,12665,0.0,1000,7.0,34.9,2036-07-30,11.460643394934976,2428.0,False,True,False,False,False,True,True,55.6,53.413,53.413,16.63,15.93,16.63
2025-02-14,SU26240RMFS0,ОФЗ-ПД 26240,ОФЗ 26240,TQOB,fixed,long_fixed_selected,long,long,56.7,58.196,54.64,54.79,56.413,56.413,547.9,548.28,-45.21,-0.033396256373163014,15.69,16.19,15.69,1758614,992084467.52,11525,0.38,1000,7.0,34.9,2036-07-30,11.455167693360712,2475.0,False,True,False,False,False,True,True,54.79,56.413,56.413,15.69,16.19,15.69
2024-12-20,SU26242RMFS6,ОФЗ-ПД 26242,ОФЗ 26242,TQOB,fixed,medium_fixed_selected,medium,medium,72.25,76.881,72.112,78.99799999999999,78.741,78.741,789.9799999999999,816.3699999999999,-21.00200000000001,0.08850155012056482,17.51,17.4,17.51,1815149,1365576341.04,2246,26.39,1000,9.0,44.88,2029-08-29,4.689938398357289,1336.0,False,True,False,False,False,True,True,75.606,75.327,75.327,17.51,17.4,17.51
2024-12-23,SU26242RMFS6,ОФЗ-ПД 26242,ОФЗ 26242,TQOB,fixed,medium_fixed_selected,medium,medium,76.308,78.931,75.92,81.7445,80.21549999999999,80.21549999999999,817.4449999999999,844.5749999999999,-18.255499999999998,0.034766702954505346,17.21,16.13,17.21,257641,200812305.79,2275,27.13,1000,9.0,44.88,2029-08-29,4.681724845995893,1337.0,False,True,False,False,False,True,True,78.789,76.073,76.073,17.21,16.13,17.21
2023-07-12,SU26243RMFS4,ОФЗ-ПД 26243,ОФЗ 26243,TQOB,fixed,long_fixed_selected,long,long,100.999,100.999,92.7,83.7225,83.755,83.755,837.225,842.865,-16.277500000000003,-0.15644836272040308,10.94,10.96,10.94,468834,439312686.82,5740,5.64,1000,9.8,45.11,2038-05-19,14.85284052019165,2866.0,False,True,False,False,False,True,True,93.549,93.703,93.703,10.94,10.96,10.94
2024-11-07,SU26243RMFS4,ОФЗ-ПД 26243,ОФЗ 26243,TQOB,fixed,long_fixed_selected,long,long,63.65,66.3,63.252,53.498,53.109,53.109,534.98,576.6,-46.502,-0.15949725058915953,16.84,16.68,16.84,5814691,3810216230.37,7424,41.62,1000,9.8,48.87,2038-05-19,13.527720739219713,2207.0,False,True,False,False,False,True,True,65.902,65.338,65.338,16.84,16.68,16.84
2024-12-20,SU26243RMFS4,ОФЗ-ПД 26243,ОФЗ 26243,TQOB,fixed,long_fixed_selected,long,long,64.297,68.291,64.115,57.802,57.59,57.59,578.02,582.3199999999999,-42.198,-0.10101559948364613,16.35,16.29,16.35,3039753,2044092055.13,11473,4.3,1000,9.8,48.87,2038-05-19,13.409993155373032,2358.0,False,True,False,False,False,True,True,67.45,67.245,67.245,16.35,16.29,16.35
2024-12-23,SU26243RMFS4,ОФЗ-ПД 26243,ОФЗ 26243,TQOB,fixed,long_fixed_selected,long,long,67.5,70.925,67.298,60.286,60.219,60.219,602.86,607.96,-39.714,0.04297429154700527,15.77,15.52,15.77,3672985,2562461395.25,9171,5.1,1000,9.8,48.87,2038-05-19,13.401779603011637,2396.0,False,True,False,False,False,True,True,70.478,69.46,69.46,15.77,15.52,15.77
2025-02-12,SU26243RMFS4,ОФЗ-ПД 26243,ОФЗ 26243,TQOB,fixed,long_fixed_selected,long,long,65.19,68.635,65.102,55.6,53.413,53.413,556.0,574.8,-44.4,-0.14710845221659763,16.67,16.12,16.67,4259378,2817317067.04,27306,18.8,1000,9.8,48.87,2038-05-19,13.262149212867898,2284.0,False,True,False,False,False,True,True,68.211,66.116,66.116,16.67,16.12,16.67
2023-12-28,SU29025RMFS2,ОФЗ-ПК 29025,ОФЗ 29025,TQOB,floating,floating_coupon,long,floating_coupon,98.797,99.992,98.606,99.35,98.7345,98.7345,993.4999999999999,1005.4799999999999,-0.6500000000000057,0.005566801619433237,0.0,,0.0,2015,1990884.93,134,11.98,1000,0.0,0.0,2037-08-12,13.623545516769337,,False,True,False,False,False,True,True,99.992,98.803,98.803,0.0,,0.0
2024-12-05,SU29026RMFS0,ОФЗ-ПК 29026,ОФЗ 29026,TQOB,floating,floating_coupon,long,floating_coupon,104.096,104.096,96.887,93.488,93.208,93.208,934.88,935.4399999999999,-6.5120000000000005,,0.0,,0.0,5150,5143430.78,292,0.56,1000,0.0,0.0,2038-09-04,13.74674880219028,,True,False,False,False,False,True,True,103.89,99.872,99.872,0.0,,0.0
2024-12-06,SU29026RMFS0,ОФЗ-ПК 29026,ОФЗ 29026,TQOB,floating,floating_coupon,long,floating_coupon,103.89,105.958,99.69,93.501,93.574,93.574,935.01,936.14,-6.498999999999995,0.00013905527982216448,0.0,,0.0,10223,10216882.44,484,1.13,1000,0.0,0.0,2038-09-04,13.744010951403148,,False,True,False,False,False,True,True,100.998,99.94,99.94,0.0,,0.0
2025-01-17,SU29026RMFS0,ОФЗ-ПК 29026,ОФЗ 29026,TQOB,floating,floating_coupon,long,floating_coupon,100.201,100.201,97.3,94.736,94.671,94.671,947.3600000000001,972.8300000000002,-5.263999999999996,-0.053208075154907,0.0,,0.0,8575,8418989.5,323,25.47,1000,0.0,0.0,2038-09-04,13.6290212183436,,False,True,False,False,False,True,True,97.45,98.181,98.181,0.0,,0.0
2025-02-25,SU29026RMFS0,ОФЗ-ПК 29026,ОФЗ 29026,TQOB,floating,floating_coupon,long,floating_coupon,95.908,97.48,95.75,94.33,94.295,94.295,943.3000000000001,991.72,-5.670000000000002,-0.014830287206266335,0.0,,0.0,6578,6330182.99,166,48.42,1000,0.0,0.0,2038-09-04,13.522245037645447,,False,True,False,False,False,True,True,97.48,96.233,96.233,0.0,,0.0
