TRADEDATE,SECID,SHORTNAME,COUPON_TYPE,PLOT_GROUP,PRICE_FOR_ANALYSIS,YIELD_FOR_ANALYSIS,RATE_FOR_ANALYSIS,YEARS_TO_MATURITY,VALUE,key_rate,YIELD_KEY_RATE_SPREAD,RATE_KEY_RATE_SPREAD
2024-12-05,SU29026RMFS0,ОФЗ 29026,floating,floating_coupon,93.208,0.0,20.804999999999996,13.74674880219028,5143430.78,21.0,-21.0,-0.19500000000000384
2024-12-06,SU29026RMFS0,ОФЗ 29026,floating,floating_coupon,93.574,0.0,20.804999999999996,13.744010951403148,10216882.44,21.0,-21.0,-0.19500000000000384
2024-12-09,SU29026RMFS0,ОФЗ 29026,floating,floating_coupon,100.038,0.0,21.17,13.735797399041752,8512201.99,21.0,-21.0,0.1700000000000017
2024-12-10,SU29026RMFS0,ОФЗ 29026,floating,floating_coupon,99.633,0.0,21.17,13.73305954825462,4023166.72,21.0,-21.0,0.1700000000000017
2024-12-11,SU29026RMFS0,ОФЗ 29026,floating,floating_coupon,99.281,0.0,20.80499999999998,13.730321697467488,4025847.58,21.0,-21.0,-0.1950000000000216
2024-12-12,SU29026RMFS0,ОФЗ 29026,floating,floating_coupon,99.087,0.0,21.17,13.727583846680355,4009060.11,21.0,-21.0,0.1700000000000017
2024-12-13,SU29026RMFS0,ОФЗ 29026,floating,floating_coupon,98.97,0.0,20.805000000000014,13.724845995893224,3004727.26,21.0,-21.0,-0.19499999999998607
2024-12-16,SU29026RMFS0,ОФЗ 29026,floating,floating_coupon,98.467,0.0,20.805,13.716632443531829,1958517.75,21.0,-21.0,-0.19500000000000028
2024-12-17,SU29026RMFS0,ОФЗ 29026,floating,floating_coupon,98.373,0.0,20.44000000000002,13.713894592744696,5272801.33,21.0,-21.0,-0.559999999999981
2024-12-18,SU29026RMFS0,ОФЗ 29026,floating,floating_coupon,98.798,0.0,20.80499999999998,13.711156741957565,1080855.14,21.0,-21.0,-0.1950000000000216
2024-12-19,SU29026RMFS0,ОФЗ 29026,floating,floating_coupon,98.487,0.0,21.534999999999993,13.708418891170432,870627.66,21.0,-21.0,0.534999999999993
2024-12-20,SU29026RMFS0,ОФЗ 29026,floating,floating_coupon,98.799,0.0,21.899999999999984,13.7056810403833,2039208.24,21.0,-21.0,0.8999999999999844
2024-12-23,SU29026RMFS0,ОФЗ 29026,floating,floating_coupon,99.183,0.0,22.021666666666675,13.697467488021903,2253448.28,21.0,-21.0,1.0216666666666754
2024-12-24,SU29026RMFS0,ОФЗ 29026,floating,floating_coupon,99.643,0.0,22.26499999999998,13.69472963723477,1846387.62,21.0,-21.0,1.2649999999999793
2024-12-25,SU29026RMFS0,ОФЗ 29026,floating,floating_coupon,99.872,0.0,22.265000000000043,13.69199178644764,1038669.94,21.0,-21.0,1.2650000000000432
2024-12-26,SU29026RMFS0,ОФЗ 29026,floating,floating_coupon,100.04,0.0,22.26499999999998,13.689253935660506,1089438.61,21.0,-21.0,1.2649999999999793
2024-12-27,SU29026RMFS0,ОФЗ 29026,floating,floating_coupon,99.518,0.0,22.26499999999998,13.686516084873375,8884937.12,21.0,-21.0,1.2649999999999793
2024-12-28,SU29026RMFS0,ОФЗ 29026,floating,floating_coupon,99.747,0.0,21.17,13.683778234086242,3477173.12,21.0,-21.0,0.1700000000000017
2024-12-30,SU29026RMFS0,ОФЗ 29026,floating,floating_coupon,98.726,0.0,21.17,13.678302532511978,3077285.78,21.0,-21.0,0.1700000000000017
2025-01-03,SU29026RMFS0,ОФЗ 29026,floating,floating_coupon,99.739,0.0,20.804999999999996,13.66735112936345,533605.34,21.0,-21.0,-0.19500000000000384
2025-01-06,SU29026RMFS0,ОФЗ 29026,floating,floating_coupon,99.759,0.0,6.935000000000004,13.659137577002053,676368.56,21.0,-21.0,-14.064999999999996
2025-01-08,SU29026RMFS0,ОФЗ 29026,floating,floating_coupon,99.799,0.0,6.935000000000004,13.653661875427789,214568.73,21.0,-21.0,-14.064999999999996
2025-01-09,SU29026RMFS0,ОФЗ 29026,floating,floating_coupon,99.447,0.0,6.935000000000004,13.650924024640656,771704.9,21.0,-21.0,-14.064999999999996
2025-01-10,SU29026RMFS0,ОФЗ 29026,floating,floating_coupon,99.469,0.0,6.935000000000004,13.648186173853524,834545.87,21.0,-21.0,-14.064999999999996
2025-01-13,SU29026RMFS0,ОФЗ 29026,floating,floating_coupon,99.445,0.0,6.935000000000004,13.639972621492127,1156542.57,21.0,-21.0,-14.064999999999996
2025-01-14,SU29026RMFS0,ОФЗ 29026,floating,floating_coupon,99.944,0.0,20.80499999999988,13.637234770704996,291837.2,21.0,-21.0,-0.19500000000012108
2025-01-15,SU29026RMFS0,ОФЗ 29026,floating,floating_coupon,99.929,0.0,20.805000000000014,13.634496919917863,249821.42,21.0,-21.0,-0.19499999999998607
2025-01-16,SU29026RMFS0,ОФЗ 29026,floating,floating_coupon,99.924,0.0,20.805000000000014,13.631759069130732,897319.3,21.0,-21.0,-0.19499999999998607
2025-01-17,SU29026RMFS0,ОФЗ 29026,floating,floating_coupon,94.671,0.0,21.534999999999993,13.6290212183436,8418989.5,21.0,-21.0,0.534999999999993
2025-01-20,SU29026RMFS0,ОФЗ 29026,floating,floating_coupon,97.117,0.0,21.170000000000027,13.620807665982204,4271214.52,21.0,-21.0,0.17000000000002657
2025-01-21,SU29026RMFS0,ОФЗ 29026,floating,floating_coupon,96.976,0.0,20.805000000000014,13.618069815195073,545973.19,21.0,-21.0,-0.19499999999998607
2025-01-22,SU29026RMFS0,ОФЗ 29026,floating,floating_coupon,96.997,0.0,21.899999999999924,13.61533196440794,5358114.09,21.0,-21.0,0.899999999999924
2025-01-23,SU29026RMFS0,ОФЗ 29026,floating,floating_coupon,97.443,0.0,21.170000000000066,13.612594113620808,413160.14,21.0,-21.0,0.17000000000006565
2025-01-24,SU29026RMFS0,ОФЗ 29026,floating,floating_coupon,96.722,0.0,21.534999999999993,13.609856262833675,12157958.59,21.0,-21.0,0.534999999999993
2025-01-27,SU29026RMFS0,ОФЗ 29026,floating,floating_coupon,96.895,0.0,21.656666666666638,13.60164271047228,11275702.29,21.0,-21.0,0.6566666666666379
2025-01-28,SU29026RMFS0,ОФЗ 29026,floating,floating_coupon,96.72,0.0,21.900000000000052,13.598904859685147,8543300.66,21.0,-21.0,0.9000000000000519
2025-01-29,SU29026RMFS0,ОФЗ 29026,floating,floating_coupon,96.759,0.0,21.535000000000124,13.596167008898014,10314537.53,21.0,-21.0,0.5350000000001245
2025-01-30,SU29026RMFS0,ОФЗ 29026,floating,floating_coupon,97.209,0.0,21.534999999999865,13.593429158110885,21206152.21,21.0,-21.0,0.5349999999998651
2025-01-31,SU29026RMFS0,ОФЗ 29026,floating,floating_coupon,97.081,0.0,21.535000000000124,13.59069130732375,52757700.4,21.0,-21.0,0.5350000000001245
2025-02-03,SU29026RMFS0,ОФЗ 29026,floating,floating_coupon,97.16,0.0,21.41333333333331,13.582477754962357,404184.81,21.0,-21.0,0.4133333333333091
2025-02-04,SU29026RMFS0,ОФЗ 29026,floating,floating_coupon,96.753,0.0,21.534999999999865,13.579739904175222,10047835.98,21.0,-21.0,0.5349999999998651
2025-02-05,SU29026RMFS0,ОФЗ 29026,floating,floating_coupon,96.531,0.0,21.535000000000124,13.57700205338809,12384869.4,21.0,-21.0,0.5350000000001245
2025-02-06,SU29026RMFS0,ОФЗ 29026,floating,floating_coupon,96.303,0.0,21.169999999999938,13.574264202600958,6602511.61,21.0,-21.0,0.16999999999993776
2025-02-07,SU29026RMFS0,ОФЗ 29026,floating,floating_coupon,96.257,0.0,21.535000000000124,13.571526351813826,5862049.82,21.0,-21.0,0.5350000000001245
2025-02-10,SU29026RMFS0,ОФЗ 29026,floating,floating_coupon,96.39,0.0,21.534999999999947,13.56331279945243,19505580.76,21.0,-21.0,0.5349999999999469
2025-02-11,SU29026RMFS0,ОФЗ 29026,floating,floating_coupon,96.066,0.0,21.535000000000124,13.560574948665298,5813929.89,21.0,-21.0,0.5350000000001245
2025-02-12,SU29026RMFS0,ОФЗ 29026,floating,floating_coupon,96.028,0.0,21.169999999999938,13.557837097878163,5637805.1,21.0,-21.0,0.16999999999993776
2025-02-13,SU29026RMFS0,ОФЗ 29026,floating,floating_coupon,96.477,0.0,20.805000000000014,13.555099247091034,3102695.76,21.0,-21.0,-0.19499999999998607
2025-02-14,SU29026RMFS0,ОФЗ 29026,floating,floating_coupon,95.913,0.0,21.169999999999938,13.5523613963039,22672795.14,21.0,-21.0,0.16999999999993776
2025-02-17,SU29026RMFS0,ОФЗ 29026,floating,floating_coupon,95.967,0.0,21.170000000000027,13.544147843942506,11303906.73,21.0,-21.0,0.17000000000002657
2025-02-18,SU29026RMFS0,ОФЗ 29026,floating,floating_coupon,96.015,0.0,21.169999999999938,13.541409993155373,5028320.13,21.0,-21.0,0.16999999999993776
2025-02-19,SU29026RMFS0,ОФЗ 29026,floating,floating_coupon,95.894,0.0,22.26499999999998,13.538672142368242,5551288.89,21.0,-21.0,1.2649999999999793
2025-02-20,SU29026RMFS0,ОФЗ 29026,floating,floating_coupon,95.639,0.0,21.535000000000124,13.535934291581109,21511139.68,21.0,-21.0,0.5350000000001245
2025-02-21,SU29026RMFS0,ОФЗ 29026,floating,floating_coupon,95.892,0.0,21.900000000000052,13.533196440793978,632884.28,21.0,-21.0,0.9000000000000519
2025-02-24,SU29026RMFS0,ОФЗ 29026,floating,floating_coupon,95.751,0.0,21.899999999999967,13.52498288843258,24873197.88,21.0,-21.0,0.8999999999999666
2025-02-25,SU29026RMFS0,ОФЗ 29026,floating,floating_coupon,94.295,0.0,21.900000000000052,13.522245037645447,6330182.99,21.0,-21.0,0.9000000000000519
2025-02-26,SU29026RMFS0,ОФЗ 29026,floating,floating_coupon,96.021,0.0,21.900000000000052,13.519507186858316,39959121.84,21.0,-21.0,0.9000000000000519
2025-02-27,SU29026RMFS0,ОФЗ 29026,floating,floating_coupon,95.973,0.0,22.26499999999998,13.516769336071183,60659909.58,21.0,-21.0,1.2649999999999793
2025-02-28,SU29026RMFS0,ОФЗ 29026,floating,floating_coupon,96.063,0.0,21.899999999999793,13.514031485284052,13656317.39,21.0,-21.0,0.8999999999997925
2025-03-03,SU29026RMFS0,ОФЗ 29026,floating,floating_coupon,96.656,0.0,22.14333333333334,13.505817932922657,6190817.58,21.0,-21.0,1.1433333333333415
2025-03-04,SU29026RMFS0,ОФЗ 29026,floating,floating_coupon,97.047,0.0,22.14333333333334,13.503080082135524,2498963.4,21.0,-21.0,1.1433333333333415
2025-03-05,SU29026RMFS0,ОФЗ 29026,floating,floating_coupon,97.004,0.0,21.17,13.500342231348393,3995577.72,21.0,-21.0,0.1700000000000017
2025-03-06,SU29026RMFS0,ОФЗ 29026,floating,floating_coupon,96.976,0.0,21.17,13.49760438056126,731200.7,21.0,-21.0,0.1700000000000017
2025-03-07,SU29026RMFS0,ОФЗ 29026,floating,floating_coupon,96.948,0.0,21.17,13.494866529774129,2239492.34,21.0,-21.0,0.1700000000000017
2025-03-10,SU29026RMFS0,ОФЗ 29026,floating,floating_coupon,96.802,0.0,21.17,13.486652977412732,3696878.24,21.0,-21.0,0.1700000000000017
2025-03-11,SU29026RMFS0,ОФЗ 29026,floating,floating_coupon,97.158,0.0,21.169999999999987,13.4839151266256,2435738.85,21.0,-21.0,0.1699999999999875
2025-03-12,SU29026RMFS0,ОФЗ 29026,floating,floating_coupon,96.504,0.0,21.53500000000003,13.481177275838467,5166822.86,21.0,-21.0,0.5350000000000286
2025-03-13,SU29026RMFS0,ОФЗ 29026,floating,floating_coupon,96.521,0.0,21.17,13.478439425051334,2589659.57,21.0,-21.0,0.1700000000000017
2025-03-14,SU29026RMFS0,ОФЗ 29026,floating,floating_coupon,96.669,0.0,21.534999999999993,13.475701574264203,487211.33,21.0,-21.0,0.534999999999993
2025-03-17,SU29026RMFS0,ОФЗ 29026,floating,floating_coupon,96.678,0.0,21.534999999999993,13.467488021902806,1382489.9,21.0,-21.0,0.534999999999993
2025-03-18,SU29026RMFS0,ОФЗ 29026,floating,floating_coupon,96.603,0.0,21.534999999999993,13.464750171115677,4548068.53,21.0,-21.0,0.534999999999993
2025-03-19,SU29026RMFS0,ОФЗ 29026,floating,floating_coupon,96.75,0.0,21.534999999999993,13.462012320328542,815598.76,21.0,-21.0,0.534999999999993
2025-03-20,SU29026RMFS0,ОФЗ 29026,floating,floating_coupon,97.022,0.0,21.534999999999993,13.45927446954141,477350.52,21.0,-21.0,0.534999999999993
2025-03-21,SU29026RMFS0,ОФЗ 29026,floating,floating_coupon,97.22,0.0,21.17,13.456536618754278,3975315.74,21.0,-21.0,0.1700000000000017
2025-03-24,SU29026RMFS0,ОФЗ 29026,floating,floating_coupon,97.328,0.0,21.778333333333347,13.44832306639288,4740832.34,21.0,-21.0,0.7783333333333466
2025-03-25,SU29026RMFS0,ОФЗ 29026,floating,floating_coupon,96.894,0.0,21.534999999999993,13.44558521560575,2208206.68,21.0,-21.0,0.534999999999993
2025-03-26,SU29026RMFS0,ОФЗ 29026,floating,floating_coupon,96.281,0.0,21.534999999999993,13.442847364818617,5131790.45,21.0,-21.0,0.534999999999993
2025-03-27,SU29026RMFS0,ОФЗ 29026,floating,floating_coupon,96.515,0.0,21.899999999999984,13.440109514031484,11900258.1,21.0,-21.0,0.8999999999999844
2025-03-28,SU29026RMFS0,ОФЗ 29026,floating,floating_coupon,96.59,0.0,21.534999999999993,13.437371663244353,7491512.66,21.0,-21.0,0.534999999999993
2025-03-31,SU29026RMFS0,ОФЗ 29026,floating,floating_coupon,96.499,0.0,21.778333333333347,13.429158110882955,12596959.25,21.0,-21.0,0.7783333333333466
2025-04-01,SU29026RMFS0,ОФЗ 29026,floating,floating_coupon,96.832,0.0,21.899999999999924,13.426420260095824,1150368.13,21.0,-21.0,0.899999999999924
2025-04-02,SU29026RMFS0,ОФЗ 29026,floating,floating_coupon,96.545,0.0,21.900000000000052,13.423682409308691,1424039.1,21.0,-21.0,0.9000000000000519
2025-04-03,SU29026RMFS0,ОФЗ 29026,floating,floating_coupon,96.468,0.0,21.900000000000052,13.42094455852156,7397193.62,21.0,-21.0,0.9000000000000519
2025-04-04,SU29026RMFS0,ОФЗ 29026,floating,floating_coupon,96.078,0.0,21.899999999999924,13.418206707734427,6637095.89,21.0,-21.0,0.899999999999924
2025-04-07,SU29026RMFS0,ОФЗ 29026,floating,floating_coupon,96.082,0.0,21.534999999999993,13.409993155373032,2507734.79,21.0,-21.0,0.534999999999993
2025-04-08,SU29026RMFS0,ОФЗ 29026,floating,floating_coupon,96.35,0.0,21.900000000000052,13.4072553045859,5418697.52,21.0,-21.0,0.9000000000000519
2025-04-09,SU29026RMFS0,ОФЗ 29026,floating,floating_coupon,96.344,0.0,21.900000000000052,13.404517453798768,10509215.72,21.0,-21.0,0.9000000000000519
2025-04-10,SU29026RMFS0,ОФЗ 29026,floating,floating_coupon,96.349,0.0,21.899999999999924,13.401779603011637,5226935.91,21.0,-21.0,0.899999999999924
2025-04-11,SU29026RMFS0,ОФЗ 29026,floating,floating_coupon,96.305,0.0,21.900000000000052,13.399041752224504,5938158.46,21.0,-21.0,0.9000000000000519
2025-04-14,SU29026RMFS0,ОФЗ 29026,floating,floating_coupon,96.339,0.0,22.02166666666665,13.390828199863108,5618509.29,21.0,-21.0,1.0216666666666505
2025-04-15,SU29026RMFS0,ОФЗ 29026,floating,floating_coupon,96.49,0.0,22.26499999999998,13.388090349075975,8008675.84,21.0,-21.0,1.2649999999999793
2025-04-16,SU29026RMFS0,ОФЗ 29026,floating,floating_coupon,96.55,0.0,21.900000000000052,13.385352498288844,5699327.2,21.0,-21.0,0.9000000000000519
2025-04-17,SU29026RMFS0,ОФЗ 29026,floating,floating_coupon,96.198,0.0,21.899999999999924,13.382614647501711,1553593.79,21.0,-21.0,0.899999999999924
2025-04-18,SU29026RMFS0,ОФЗ 29026,floating,floating_coupon,96.968,0.0,22.26500000000011,13.379876796714578,7163047.0,21.0,-21.0,1.2650000000001107
2025-04-21,SU29026RMFS0,ОФЗ 29026,floating,floating_coupon,97.063,0.0,22.14333333333334,13.371663244353185,11903850.85,21.0,-21.0,1.1433333333333415
2025-04-22,SU29026RMFS0,ОФЗ 29026,floating,floating_coupon,97.07,0.0,21.899999999999924,13.36892539356605,14669472.78,21.0,-21.0,0.899999999999924
2025-04-23,SU29026RMFS0,ОФЗ 29026,floating,floating_coupon,96.657,0.0,21.900000000000052,13.36618754277892,7895902.85,21.0,-21.0,0.9000000000000519
2025-04-24,SU29026RMFS0,ОФЗ 29026,floating,floating_coupon,96.811,0.0,21.534999999999993,13.363449691991786,6038117.84,21.0,-21.0,0.534999999999993
2025-04-25,SU29026RMFS0,ОФЗ 29026,floating,floating_coupon,96.275,0.0,21.534999999999993,13.360711841204656,14132197.32,21.0,-21.0,0.534999999999993
2025-04-28,SU29026RMFS0,ОФЗ 29026,floating,floating_coupon,96.266,0.0,21.291666666666668,13.352498288843258,6762658.31,21.0,-21.0,0.29166666666666785
2025-04-29,SU29026RMFS0,ОФЗ 29026,floating,floating_coupon,96.082,0.0,21.169999999999938,13.349760438056126,8187168.33,21.0,-21.0,0.16999999999993776
2025-04-30,SU29026RMFS0,ОФЗ 29026,floating,floating_coupon,95.947,0.0,21.535000000000124,13.347022587268992,3633516.26,21.0,-21.0,0.5350000000001245
2025-05-02,SU29026RMFS0,ОФЗ 29026,floating,floating_coupon,96.074,0.0,21.352499999999903,13.34154688569473,702297.38,21.0,-21.0,0.3524999999999032
2025-05-05,SU29026RMFS0,ОФЗ 29026,floating,floating_coupon,96.101,0.0,21.53500000000004,13.333333333333334,7380519.3,21.0,-21.0,0.5350000000000392
2025-05-06,SU29026RMFS0,ОФЗ 29026,floating,floating_coupon,96.128,0.0,21.169999999999938,13.3305954825462,5914743.08,21.0,-21.0,0.16999999999993776
2025-05-07,SU29026RMFS0,ОФЗ 29026,floating,floating_coupon,96.219,0.0,21.535000000000124,13.32785763175907,6038727.61,21.0,-21.0,0.5350000000001245
2025-05-08,SU29026RMFS0,ОФЗ 29026,floating,floating_coupon,96.26,0.0,21.534999999999865,13.325119780971937,170380.72,21.0,-21.0,0.5349999999998651
2025-05-12,SU29026RMFS0,ОФЗ 29026,floating,floating_coupon,96.149,0.0,21.534999999999993,13.314168377823409,5331462.57,21.0,-21.0,0.534999999999993
2025-05-13,SU29026RMFS0,ОФЗ 29026,floating,floating_coupon,96.135,0.0,21.535000000000124,13.311430527036276,7224551.13,21.0,-21.0,0.5350000000001245
2025-05-14,SU29026RMFS0,ОФЗ 29026,floating,floating_coupon,96.175,0.0,21.534999999999865,13.308692676249144,5837821.33,21.0,-21.0,0.5349999999998651
2025-05-15,SU29026RMFS0,ОФЗ 29026,floating,floating_coupon,96.178,0.0,21.535000000000124,13.305954825462011,5997656.45,21.0,-21.0,0.5350000000001245
2025-05-16,SU29026RMFS0,ОФЗ 29026,floating,floating_coupon,96.1,0.0,21.534999999999865,13.30321697467488,5224972.49,21.0,-21.0,0.5349999999998651
2025-05-19,SU29026RMFS0,ОФЗ 29026,floating,floating_coupon,96.235,0.0,21.53500000000004,13.295003422313483,2426085.13,21.0,-21.0,0.5350000000000392
2025-05-20,SU29026RMFS0,ОФЗ 29026,floating,floating_coupon,96.132,0.0,21.535000000000124,13.292265571526352,1266063.36,21.0,-21.0,0.5350000000001245
2025-05-21,SU29026RMFS0,ОФЗ 29026,floating,floating_coupon,96.068,0.0,21.534999999999865,13.28952772073922,5816917.21,21.0,-21.0,0.5349999999998651
2025-05-22,SU29026RMFS0,ОФЗ 29026,floating,floating_coupon,96.086,0.0,21.900000000000052,13.286789869952088,5446135.38,21.0,-21.0,0.9000000000000519
2025-05-23,SU29026RMFS0,ОФЗ 29026,floating,floating_coupon,95.978,0.0,21.900000000000052,13.284052019164957,5073415.82,21.0,-21.0,0.9000000000000519
2025-05-26,SU29026RMFS0,ОФЗ 29026,floating,floating_coupon,95.942,0.0,21.899999999999967,13.27583846680356,5214460.1,21.0,-21.0,0.8999999999999666
2025-05-27,SU29026RMFS0,ОФЗ 29026,floating,floating_coupon,95.949,0.0,21.900000000000052,13.273100616016428,5468133.46,21.0,-21.0,0.9000000000000519
2025-05-28,SU29026RMFS0,ОФЗ 29026,floating,floating_coupon,96.054,0.0,21.900000000000052,13.270362765229295,10494908.82,21.0,-21.0,0.9000000000000519
2025-05-29,SU29026RMFS0,ОФЗ 29026,floating,floating_coupon,96.087,0.0,21.899999999999793,13.267624914442164,6092854.4,21.0,-21.0,0.8999999999997925
2025-05-30,SU29026RMFS0,ОФЗ 29026,floating,floating_coupon,96.187,0.0,21.900000000000052,13.264887063655031,6512817.78,21.0,-21.0,0.9000000000000519
2025-06-02,SU29026RMFS0,ОФЗ 29026,floating,floating_coupon,96.676,0.0,21.900000000000052,13.256673511293634,1606758.19,21.0,-21.0,0.9000000000000519
2025-06-03,SU29026RMFS0,ОФЗ 29026,floating,floating_coupon,96.672,0.0,21.899999999999793,13.253935660506505,3849461.19,21.0,-21.0,0.8999999999997925
2025-06-04,SU29026RMFS0,ОФЗ 29026,floating,floating_coupon,97.039,0.0,21.899999999999793,13.25119780971937,3591427.66,21.0,-21.0,0.8999999999997925
2025-06-05,SU29026RMFS0,ОФЗ 29026,floating,floating_coupon,96.88,0.0,20.805,13.24845995893224,2555705.37,21.0,-21.0,-0.19500000000000028
2025-06-06,SU29026RMFS0,ОФЗ 29026,floating,floating_coupon,96.89,0.0,20.805,13.245722108145106,2497831.47,21.0,-21.0,-0.19500000000000028
2025-06-09,SU29026RMFS0,ОФЗ 29026,floating,floating_coupon,96.903,0.0,21.048333333333336,13.23750855578371,1900265.83,20.0,-20.0,1.0483333333333356
2025-06-10,SU29026RMFS0,ОФЗ 29026,floating,floating_coupon,96.998,0.0,21.17,13.234770704996578,1314322.39,20.0,-20.0,1.1700000000000017
2025-06-11,SU29026RMFS0,ОФЗ 29026,floating,floating_coupon,97.004,0.0,21.17,13.232032854209445,2368829.64,20.0,-20.0,1.1700000000000017
2025-06-13,SU29026RMFS0,ОФЗ 29026,floating,floating_coupon,97.027,0.0,20.987499999999994,13.22655715263518,568576.48,20.0,-20.0,0.9874999999999936
2025-06-16,SU29026RMFS0,ОФЗ 29026,floating,floating_coupon,97.371,0.0,20.68333333333334,13.218343600273784,5403125.49,20.0,-20.0,0.6833333333333407
2025-06-17,SU29026RMFS0,ОФЗ 29026,floating,floating_coupon,97.181,0.0,19.71,13.215605749486652,642363.87,20.0,-20.0,-0.28999999999999915
2025-06-18,SU29026RMFS0,ОФЗ 29026,floating,floating_coupon,97.152,0.0,20.074999999999992,13.21286789869952,2845582.63,20.0,-20.0,0.07499999999999218
2025-06-19,SU29026RMFS0,ОФЗ 29026,floating,floating_coupon,97.001,0.0,20.074999999999992,13.210130047912388,5178680.74,20.0,-20.0,0.07499999999999218
2025-06-20,SU29026RMFS0,ОФЗ 29026,floating,floating_coupon,97.189,0.0,20.075000000000028,13.207392197125255,1423822.78,20.0,-20.0,0.07500000000002771
2025-06-23,SU29026RMFS0,ОФЗ 29026,floating,floating_coupon,97.164,0.0,19.95333333333334,13.19917864476386,1046459.13,20.0,-20.0,-0.04666666666665975
2025-06-24,SU29026RMFS0,ОФЗ 29026,floating,floating_coupon,97.125,0.0,20.074999999999964,13.196440793976729,800307.46,20.0,-20.0,0.07499999999996376
2025-06-25,SU29026RMFS0,ОФЗ 29026,floating,floating_coupon,96.911,0.0,20.075000000000028,13.193702943189596,22787756.81,20.0,-20.0,0.07500000000002771
2025-06-26,SU29026RMFS0,ОФЗ 29026,floating,floating_coupon,97.151,0.0,20.074999999999964,13.190965092402465,43283591.88,20.0,-20.0,0.07499999999996376
2025-06-27,SU29026RMFS0,ОФЗ 29026,floating,floating_coupon,97.408,0.0,19.710000000000033,13.188227241615332,35836304.11,20.0,-20.0,-0.2899999999999672
2025-06-30,SU29026RMFS0,ОФЗ 29026,floating,floating_coupon,97.284,0.0,20.075000000000003,13.180013689253936,264395938.7,20.0,-20.0,0.07500000000000284
2025-07-01,SU29026RMFS0,ОФЗ 29026,floating,floating_coupon,97.299,0.0,20.074999999999964,13.177275838466803,13225880.54,20.0,-20.0,0.07499999999996376
2025-07-02,SU29026RMFS0,ОФЗ 29026,floating,floating_coupon,97.297,0.0,19.710000000000033,13.174537987679672,40334368.73,20.0,-20.0,-0.2899999999999672
2025-07-03,SU29026RMFS0,ОФЗ 29026,floating,floating_coupon,97.155,0.0,20.075000000000028,13.17180013689254,10813357.43,20.0,-20.0,0.07500000000002771
2025-07-04,SU29026RMFS0,ОФЗ 29026,floating,floating_coupon,97.306,0.0,20.074999999999896,13.169062286105408,2251672.4,20.0,-20.0,0.07499999999989626
2025-07-07,SU29026RMFS0,ОФЗ 29026,floating,floating_coupon,97.213,0.0,20.196666666666665,13.160848733744013,13076129.71,20.0,-20.0,0.19666666666666544
2025-07-08,SU29026RMFS0,ОФЗ 29026,floating,floating_coupon,97.322,0.0,20.805000000000014,13.158110882956878,1842296.58,20.0,-20.0,0.8050000000000139
2025-07-09,SU29026RMFS0,ОФЗ 29026,floating,floating_coupon,97.312,0.0,20.075000000000028,13.155373032169749,1288409.44,20.0,-20.0,0.07500000000002771
2025-07-10,SU29026RMFS0,ОФЗ 29026,floating,floating_coupon,97.183,0.0,20.439999999999955,13.152635181382614,11082771.8,20.0,-20.0,0.4399999999999551
2025-07-11,SU29026RMFS0,ОФЗ 29026,floating,floating_coupon,97.162,0.0,20.44000000000008,13.149897330595484,10787899.46,20.0,-20.0,0.44000000000007944
2025-07-14,SU29026RMFS0,ОФЗ 29026,floating,floating_coupon,97.156,0.0,20.439999999999998,13.141683778234086,13238421.24,20.0,-20.0,0.4399999999999977
2025-07-15,SU29026RMFS0,ОФЗ 29026,floating,floating_coupon,97.376,0.0,20.439999999999955,13.138945927446954,2098450.8,20.0,-20.0,0.4399999999999551
2025-07-16,SU29026RMFS0,ОФЗ 29026,floating,floating_coupon,97.356,0.0,20.44000000000008,13.13620807665982,2368678.7,20.0,-20.0,0.44000000000007944
2025-07-17,SU29026RMFS0,ОФЗ 29026,floating,floating_coupon,97.362,0.0,20.074999999999896,13.13347022587269,6475561.96,20.0,-20.0,0.07499999999989626
2025-07-18,SU29026RMFS0,ОФЗ 29026,floating,floating_coupon,97.377,0.0,19.7100000000001,13.130732375085556,1540511.33,20.0,-20.0,-0.28999999999989967
2025-07-21,SU29026RMFS0,ОФЗ 29026,floating,floating_coupon,97.429,0.0,19.70999999999997,13.122518822724162,4231323.45,20.0,-20.0,-0.2900000000000311
2025-07-22,SU29026RMFS0,ОФЗ 29026,floating,floating_coupon,97.334,0.0,20.075000000000028,13.119780971937027,1895100.61,20.0,-20.0,0.07500000000002771
2025-07-23,SU29026RMFS0,ОФЗ 29026,floating,floating_coupon,97.381,0.0,19.70999999999997,13.117043121149898,3055805.62,20.0,-20.0,-0.2900000000000311
2025-07-24,SU29026RMFS0,ОФЗ 29026,floating,floating_coupon,97.382,0.0,19.7100000000001,13.114305270362763,2073259.44,20.0,-20.0,-0.28999999999989967
2025-07-25,SU29026RMFS0,ОФЗ 29026,floating,floating_coupon,97.311,0.0,19.70999999999997,13.111567419575634,2776275.33,20.0,-20.0,-0.2900000000000311
2025-07-28,SU29026RMFS0,ОФЗ 29026,floating,floating_coupon,97.46,0.0,19.588333333333328,13.103353867214237,2249376.83,18.0,-18.0,1.5883333333333276
2025-07-29,SU29026RMFS0,ОФЗ 29026,floating,floating_coupon,97.506,0.0,19.70999999999997,13.100616016427104,3197219.92,18.0,-18.0,1.7099999999999689
2025-07-30,SU29026RMFS0,ОФЗ 29026,floating,floating_coupon,97.363,0.0,19.7100000000001,13.097878165639973,10657383.32,18.0,-18.0,1.7100000000001003
2025-07-31,SU29026RMFS0,ОФЗ 29026,floating,floating_coupon,97.389,0.0,19.70999999999997,13.09514031485284,2312992.59,18.0,-18.0,1.7099999999999689
2025-08-01,SU29026RMFS0,ОФЗ 29026,floating,floating_coupon,97.363,0.0,19.7100000000001,13.092402464065708,1538340.59,18.0,-18.0,1.7100000000001003
2025-08-04,SU29026RMFS0,ОФЗ 29026,floating,floating_coupon,97.413,0.0,19.70999999999997,13.084188911704311,1791425.24,18.0,-18.0,1.7099999999999689
2025-08-05,SU29026RMFS0,ОФЗ 29026,floating,floating_coupon,97.694,0.0,19.34500000000004,13.08145106091718,4671726.24,18.0,-18.0,1.3450000000000415
2025-08-06,SU29026RMFS0,ОФЗ 29026,floating,floating_coupon,97.591,0.0,18.979999999999855,13.078713210130047,856850.8,18.0,-18.0,0.9799999999998548
2025-08-07,SU29026RMFS0,ОФЗ 29026,floating,floating_coupon,97.508,0.0,19.34500000000004,13.075975359342916,7117086.77,18.0,-18.0,1.3450000000000415
2025-08-08,SU29026RMFS0,ОФЗ 29026,floating,floating_coupon,97.697,0.0,18.614999999999927,13.073237508555785,44984513.84,18.0,-18.0,0.6149999999999274
2025-08-11,SU29026RMFS0,ОФЗ 29026,floating,floating_coupon,97.812,0.0,18.73666666666674,13.065023956194388,2433558.38,18.0,-18.0,0.7366666666667392
2025-08-12,SU29026RMFS0,ОФЗ 29026,floating,floating_coupon,97.661,0.0,18.614999999999927,13.062286105407257,3246238.19,18.0,-18.0,0.6149999999999274
2025-08-13,SU29026RMFS0,ОФЗ 29026,floating,floating_coupon,97.763,0.0,18.614999999999927,13.059548254620124,1324692.82,18.0,-18.0,0.6149999999999274
2025-08-14,SU29026RMFS0,ОФЗ 29026,floating,floating_coupon,97.75,0.0,18.25,13.05681040383299,4546364.92,18.0,-18.0,0.25
2025-08-15,SU29026RMFS0,ОФЗ 29026,floating,floating_coupon,98.153,0.0,18.614999999999927,13.05407255304586,1993489.5,18.0,-18.0,0.6149999999999274
2025-08-18,SU29026RMFS0,ОФЗ 29026,floating,floating_coupon,98.253,0.0,18.49333333333337,13.045859000684462,4276966.88,18.0,-18.0,0.49333333333337137
2025-08-19,SU29026RMFS0,ОФЗ 29026,floating,floating_coupon,97.804,0.0,18.25,13.043121149897331,1741886.85,18.0,-18.0,0.25
2025-08-20,SU29026RMFS0,ОФЗ 29026,floating,floating_coupon,98.038,0.0,17.88500000000007,13.040383299110198,2244079.19,18.0,-18.0,-0.11499999999993094
2025-08-21,SU29026RMFS0,ОФЗ 29026,floating,floating_coupon,98.133,0.0,18.25,13.037645448323069,3098045.68,18.0,-18.0,0.25
2025-08-22,SU29026RMFS0,ОФЗ 29026,floating,floating_coupon,97.986,0.0,18.614999999999927,13.034907597535934,2041044.54,18.0,-18.0,0.6149999999999274
2025-08-25,SU29026RMFS0,ОФЗ 29026,floating,floating_coupon,98.01,0.0,18.615000000000013,13.02669404517454,4229147.72,18.0,-18.0,0.6150000000000126
2025-08-26,SU29026RMFS0,ОФЗ 29026,floating,floating_coupon,97.998,0.0,18.25,13.023956194387406,2606749.87,18.0,-18.0,0.25
2025-08-27,SU29026RMFS0,ОФЗ 29026,floating,floating_coupon,98.202,0.0,18.614999999999927,13.021218343600276,4320868.23,18.0,-18.0,0.6149999999999274
2025-08-28,SU29026RMFS0,ОФЗ 29026,floating,floating_coupon,98.023,0.0,18.614999999999927,13.018480492813142,3417070.88,18.0,-18.0,0.6149999999999274
2025-08-29,SU29026RMFS0,ОФЗ 29026,floating,floating_coupon,98.396,0.0,18.615000000000187,13.015742642026009,7329510.83,18.0,-18.0,0.6150000000001867
2025-09-01,SU29026RMFS0,ОФЗ 29026,floating,floating_coupon,98.061,0.0,18.493333333333286,13.007529089664612,11741796.52,18.0,-18.0,0.4933333333332861
2025-09-02,SU29026RMFS0,ОФЗ 29026,floating,floating_coupon,97.915,0.0,18.614999999999927,13.00479123887748,10922428.6,18.0,-18.0,0.6149999999999274
2025-09-03,SU29026RMFS0,ОФЗ 29026,floating,floating_coupon,97.848,0.0,18.615000000000187,13.00205338809035,6180106.58,18.0,-18.0,0.6150000000001867
2025-09-04,SU29026RMFS0,ОФЗ 29026,floating,floating_coupon,98.073,0.0,18.615000000000187,12.999315537303216,6179557.69,18.0,-18.0,0.6150000000001867
2025-09-05,SU29026RMFS0,ОФЗ 29026,floating,floating_coupon,97.895,0.0,17.884999999999998,12.996577686516083,15090522.74,18.0,-18.0,-0.11500000000000199
2025-09-08,SU29026RMFS0,ОФЗ 29026,floating,floating_coupon,97.958,0.0,17.763333333333335,12.988364134154688,2592943.13,18.0,-18.0,-0.23666666666666458
2025-09-09,SU29026RMFS0,ОФЗ 29026,floating,floating_coupon,97.947,0.0,17.520000000000007,12.985626283367557,1788504.7,18.0,-18.0,-0.4799999999999933
2025-09-10,SU29026RMFS0,ОФЗ 29026,floating,floating_coupon,97.919,0.0,17.88499999999999,12.982888432580424,1164262.08,18.0,-18.0,-0.1150000000000091
2025-09-11,SU29026RMFS0,ОФЗ 29026,floating,floating_coupon,97.933,0.0,17.885000000000005,12.980150581793293,2256373.92,18.0,-18.0,-0.11499999999999488
2025-09-12,SU29026RMFS0,ОФЗ 29026,floating,floating_coupon,97.976,0.0,17.88499999999999,12.97741273100616,1884085.2,18.0,-18.0,-0.1150000000000091
2025-09-15,SU29026RMFS0,ОФЗ 29026,floating,floating_coupon,97.876,0.0,17.76333333333334,12.969199178644764,1467155.57,17.0,-17.0,0.763333333333339
2025-09-16,SU29026RMFS0,ОФЗ 29026,floating,floating_coupon,97.716,0.0,17.884999999999977,12.966461327857632,7672691.55,17.0,-17.0,0.8849999999999767
2025-09-17,SU29026RMFS0,ОФЗ 29026,floating,floating_coupon,97.597,0.0,17.885000000000005,12.9637234770705,2217409.95,17.0,-17.0,0.8850000000000051
2025-09-18,SU29026RMFS0,ОФЗ 29026,floating,floating_coupon,97.715,0.0,17.154999999999994,12.960985626283367,2708652.73,17.0,-17.0,0.15499999999999403
2025-09-19,SU29026RMFS0,ОФЗ 29026,floating,floating_coupon,97.778,0.0,17.155000000000022,12.958247775496236,980716.15,17.0,-17.0,0.15500000000002245
2025-09-22,SU29026RMFS0,ОФЗ 29026,floating,floating_coupon,97.706,0.0,17.154999999999994,12.95003422313484,661469.59,17.0,-17.0,0.15499999999999403
2025-09-23,SU29026RMFS0,ОФЗ 29026,floating,floating_coupon,97.648,0.0,16.79000000000003,12.947296372347708,612254.19,17.0,-17.0,-0.20999999999996888
2025-09-24,SU29026RMFS0,ОФЗ 29026,floating,floating_coupon,97.678,0.0,17.15499999999996,12.944558521560577,838081.05,17.0,-17.0,0.1549999999999585
2025-09-25,SU29026RMFS0,ОФЗ 29026,floating,floating_coupon,97.597,0.0,16.79000000000003,12.941820670773442,2119806.73,17.0,-17.0,-0.20999999999996888
2025-09-26,SU29026RMFS0,ОФЗ 29026,floating,floating_coupon,96.9,0.0,17.155000000000022,12.93908281998631,1179274.16,17.0,-17.0,0.15500000000002245
2025-09-29,SU29026RMFS0,ОФЗ 29026,floating,floating_coupon,96.975,0.0,17.155,12.930869267624914,23925553.38,17.0,-17.0,0.15500000000000114
2025-09-30,SU29026RMFS0,ОФЗ 29026,floating,floating_coupon,97.327,0.0,17.15499999999996,12.928131416837784,28669491.46,17.0,-17.0,0.1549999999999585
2025-10-01,SU29026RMFS0,ОФЗ 29026,floating,floating_coupon,96.924,0.0,17.155000000000022,12.92539356605065,10168293.9,17.0,-17.0,0.15500000000002245
2025-10-02,SU29026RMFS0,ОФЗ 29026,floating,floating_coupon,96.875,0.0,17.15499999999996,12.922655715263518,7416784.92,17.0,-17.0,0.1549999999999585
2025-10-03,SU29026RMFS0,ОФЗ 29026,floating,floating_coupon,96.787,0.0,17.155000000000022,12.919917864476384,1079172.44,17.0,-17.0,0.15500000000002245
2025-10-06,SU29026RMFS0,ОФЗ 29026,floating,floating_coupon,96.789,0.0,17.276666666666664,12.91170431211499,2693626.45,17.0,-17.0,0.27666666666666373
2025-10-07,SU29026RMFS0,ОФЗ 29026,floating,floating_coupon,97.006,0.0,17.155000000000022,12.908966461327855,714937.02,17.0,-17.0,0.15500000000002245
2025-10-08,SU29026RMFS0,ОФЗ 29026,floating,floating_coupon,96.98,0.0,17.15499999999996,12.906228610540726,817537.76,17.0,-17.0,0.1549999999999585
2025-10-09,SU29026RMFS0,ОФЗ 29026,floating,floating_coupon,96.772,0.0,17.15500000000009,12.903490759753591,2835410.47,17.0,-17.0,0.15500000000008995
2025-10-10,SU29026RMFS0,ОФЗ 29026,floating,floating_coupon,97.054,0.0,17.15499999999996,12.900752908966462,865724.32,17.0,-17.0,0.1549999999999585
2025-10-13,SU29026RMFS0,ОФЗ 29026,floating,floating_coupon,97.118,0.0,17.033333333333314,12.892539356605065,2319186.82,17.0,-17.0,0.033333333333313675
2025-10-14,SU29026RMFS0,ОФЗ 29026,floating,floating_coupon,96.955,0.0,17.15500000000009,12.889801505817934,954035.01,17.0,-17.0,0.15500000000008995
2025-10-15,SU29026RMFS0,ОФЗ 29026,floating,floating_coupon,96.935,0.0,17.15499999999996,12.8870636550308,771603.21,17.0,-17.0,0.1549999999999585
2025-10-16,SU29026RMFS0,ОФЗ 29026,floating,floating_coupon,96.958,0.0,17.15499999999996,12.88432580424367,934673.69,17.0,-17.0,0.1549999999999585
2025-10-17,SU29026RMFS0,ОФЗ 29026,floating,floating_coupon,97.144,0.0,16.79000000000003,12.881587953456537,1874884.49,17.0,-17.0,-0.20999999999996888
2025-10-20,SU29026RMFS0,ОФЗ 29026,floating,floating_coupon,97.105,0.0,16.78999999999999,12.87337440109514,2173215.63,17.0,-17.0,-0.2100000000000115
2025-10-21,SU29026RMFS0,ОФЗ 29026,floating,floating_coupon,97.159,0.0,16.424999999999972,12.870636550308008,7767837.33,17.0,-17.0,-0.5750000000000277
2025-10-22,SU29026RMFS0,ОФЗ 29026,floating,floating_coupon,95.819,0.0,16.79000000000003,12.867898699520875,43494099.47,17.0,-17.0,-0.20999999999996888
2025-10-23,SU29026RMFS0,ОФЗ 29026,floating,floating_coupon,95.493,0.0,16.79000000000003,12.865160848733744,60429133.45,17.0,-17.0,-0.20999999999996888
2025-10-24,SU29026RMFS0,ОФЗ 29026,floating,floating_coupon,95.262,0.0,16.79000000000003,12.862422997946611,18224636.66,17.0,-17.0,-0.20999999999996888
2025-10-27,SU29026RMFS0,ОФЗ 29026,floating,floating_coupon,94.908,0.0,16.78999999999999,12.854209445585216,12909406.78,16.5,-16.5,0.2899999999999885
2025-10-28,SU29026RMFS0,ОФЗ 29026,floating,floating_coupon,94.855,0.0,17.15499999999996,12.851471594798085,2106736.55,16.5,-16.5,0.6549999999999585
2025-10-29,SU29026RMFS0,ОФЗ 29026,floating,floating_coupon,94.973,0.0,16.425000000000104,12.848733744010952,17713488.5,16.5,-16.5,-0.07499999999989626
2025-10-30,SU29026RMFS0,ОФЗ 29026,floating,floating_coupon,94.984,0.0,17.15499999999996,12.84599589322382,3014794.19,16.5,-16.5,0.6549999999999585
2025-10-31,SU29026RMFS0,ОФЗ 29026,floating,floating_coupon,95.299,0.0,16.79000000000003,12.843258042436688,14286257.55,16.5,-16.5,0.2900000000000311
2025-11-01,SU29026RMFS0,ОФЗ 29026,floating,floating_coupon,95.02,0.0,16.789999999999903,12.840520191649556,8025392.31,16.5,-16.5,0.2899999999999032
2025-11-03,SU29026RMFS0,ОФЗ 29026,floating,floating_coupon,95.336,0.0,16.79000000000003,12.83504449007529,1244128.53,16.5,-16.5,0.2900000000000311
2025-11-05,SU29026RMFS0,ОФЗ 29026,floating,floating_coupon,95.015,0.0,16.789999999999967,12.829568788501026,4155002.98,16.5,-16.5,0.2899999999999672
2025-11-06,SU29026RMFS0,ОФЗ 29026,floating,floating_coupon,95.029,0.0,17.15500000000009,12.826830937713895,1478646.69,16.5,-16.5,0.65500000000009
2025-11-07,SU29026RMFS0,ОФЗ 29026,floating,floating_coupon,94.974,0.0,16.424999999999972,12.824093086926762,2411381.87,16.5,-16.5,-0.07500000000002771
2025-11-10,SU29026RMFS0,ОФЗ 29026,floating,floating_coupon,94.899,0.0,16.911666666666676,12.815879534565369,5465252.53,16.5,-16.5,0.41166666666667595
2025-11-11,SU29026RMFS0,ОФЗ 29026,floating,floating_coupon,94.97,0.0,16.79000000000003,12.813141683778234,4053327.66,16.5,-16.5,0.2900000000000311
2025-11-12,SU29026RMFS0,ОФЗ 29026,floating,floating_coupon,95.005,0.0,16.79000000000003,12.810403832991105,106743878.76,16.5,-16.5,0.2900000000000311
2025-11-13,SU29026RMFS0,ОФЗ 29026,floating,floating_coupon,95.116,0.0,16.79000000000003,12.80766598220397,10084150.49,16.5,-16.5,0.2900000000000311
2025-11-14,SU29026RMFS0,ОФЗ 29026,floating,floating_coupon,95.242,0.0,16.78999999999977,12.80492813141684,3168698.25,16.5,-16.5,0.2899999999997718
2025-11-17,SU29026RMFS0,ОФЗ 29026,floating,floating_coupon,95.557,0.0,17.033333333333402,12.796714579055442,12350794.67,16.5,-16.5,0.5333333333334025
2025-11-18,SU29026RMFS0,ОФЗ 29026,floating,floating_coupon,95.727,0.0,16.78999999999977,12.793976728268309,4388102.86,16.5,-16.5,0.2899999999997718
2025-11-19,SU29026RMFS0,ОФЗ 29026,floating,floating_coupon,95.65,0.0,16.79000000000003,12.791238877481176,3686342.93,16.5,-16.5,0.2900000000000311
2025-11-20,SU29026RMFS0,ОФЗ 29026,floating,floating_coupon,95.503,0.0,17.155000000000218,12.788501026694044,11463206.32,16.5,-16.5,0.6550000000002179
2025-11-21,SU29026RMFS0,ОФЗ 29026,floating,floating_coupon,95.419,0.0,17.15499999999996,12.785763175906911,2852060.38,16.5,-16.5,0.6549999999999585
2025-11-24,SU29026RMFS0,ОФЗ 29026,floating,floating_coupon,95.527,0.0,17.033333333333314,12.777549623545516,3364459.16,16.5,-16.5,0.5333333333333137
2025-11-25,SU29026RMFS0,ОФЗ 29026,floating,floating_coupon,95.355,0.0,17.15499999999996,12.774811772758383,11178499.31,16.5,-16.5,0.6549999999999585
2025-11-26,SU29026RMFS0,ОФЗ 29026,floating,floating_coupon,95.554,0.0,16.79000000000003,12.772073921971252,2308594.63,16.5,-16.5,0.2900000000000311
2025-11-27,SU29026RMFS0,ОФЗ 29026,floating,floating_coupon,95.538,0.0,17.15499999999996,12.76933607118412,2462974.16,16.5,-16.5,0.6549999999999585
2025-11-28,SU29026RMFS0,ОФЗ 29026,floating,floating_coupon,95.657,0.0,16.79000000000003,12.766598220396988,4251002.89,16.5,-16.5,0.2900000000000311
2025-12-01,SU29026RMFS0,ОФЗ 29026,floating,floating_coupon,95.598,0.0,16.911666666666676,12.758384668035593,4221618.48,16.5,-16.5,0.41166666666667595
2025-12-02,SU29026RMFS0,ОФЗ 29026,floating,floating_coupon,95.51,0.0,16.79000000000003,12.75564681724846,4880571.9,16.5,-16.5,0.2900000000000311
2025-12-03,SU29026RMFS0,ОФЗ 29026,floating,floating_coupon,95.547,0.0,16.79000000000003,12.752908966461328,9512644.19,16.5,-16.5,0.2900000000000311
2025-12-04,SU29026RMFS0,ОФЗ 29026,floating,floating_coupon,95.358,0.0,16.79000000000003,12.750171115674195,6528197.5,16.5,-16.5,0.2900000000000311
2025-12-05,SU29026RMFS0,ОФЗ 29026,floating,floating_coupon,95.273,0.0,16.06,12.747433264887064,5959318.28,16.5,-16.5,-0.4400000000000013
2025-12-08,SU29026RMFS0,ОФЗ 29026,floating,floating_coupon,95.377,0.0,16.303333333333335,12.739219712525667,88484712.55,16.5,-16.5,-0.19666666666666544
2025-12-09,SU29026RMFS0,ОФЗ 29026,floating,floating_coupon,95.201,0.0,16.424999999999997,12.736481861738536,5605457.51,16.5,-16.5,-0.07500000000000284
2025-12-10,SU29026RMFS0,ОФЗ 29026,floating,floating_coupon,95.296,0.0,16.06,12.733744010951405,3745114.05,16.5,-16.5,-0.4400000000000013
2025-12-11,SU29026RMFS0,ОФЗ 29026,floating,floating_coupon,95.222,0.0,16.425000000000008,12.731006160164272,3522278.03,16.5,-16.5,-0.07499999999999218
2025-12-12,SU29026RMFS0,ОФЗ 29026,floating,floating_coupon,95.349,0.0,16.42499999999999,12.72826830937714,11273284.35,16.5,-16.5,-0.07500000000000995
2025-12-15,SU29026RMFS0,ОФЗ 29026,floating,floating_coupon,95.343,0.0,16.546666666666667,12.720054757015742,21895469.48,16.5,-16.5,0.046666666666666856
2025-12-16,SU29026RMFS0,ОФЗ 29026,floating,floating_coupon,95.401,0.0,16.425000000000008,12.71731690622861,2814321.37,16.5,-16.5,-0.07499999999999218
2025-12-17,SU29026RMFS0,ОФЗ 29026,floating,floating_coupon,95.521,0.0,16.425000000000008,12.714579055441478,8246363.28,16.5,-16.5,-0.07499999999999218
2025-12-18,SU29026RMFS0,ОФЗ 29026,floating,floating_coupon,95.529,0.0,16.05999999999998,12.711841204654348,4226220.95,16.5,-16.5,-0.44000000000001904
2025-12-19,SU29026RMFS0,ОФЗ 29026,floating,floating_coupon,95.528,0.0,16.425000000000008,12.709103353867214,1918212.21,16.5,-16.5,-0.07499999999999218
2025-12-22,SU29026RMFS0,ОФЗ 29026,floating,floating_coupon,95.535,0.0,15.938333333333329,12.700889801505818,2027250.79,16.0,-16.0,-0.06166666666667098
2025-12-23,SU29026RMFS0,ОФЗ 29026,floating,floating_coupon,95.508,0.0,16.060000000000045,12.698151950718684,1760217.3,16.0,-16.0,0.060000000000044906
2025-12-24,SU29026RMFS0,ОФЗ 29026,floating,floating_coupon,95.539,0.0,16.05999999999998,12.695414099931554,13316269.35,16.0,-16.0,0.05999999999998096
2025-12-25,SU29026RMFS0,ОФЗ 29026,floating,floating_coupon,95.488,0.0,15.69499999999999,12.69267624914442,37392079.61,16.0,-16.0,-0.3050000000000104
2025-12-26,SU29026RMFS0,ОФЗ 29026,floating,floating_coupon,95.65,0.0,16.05999999999998,12.68993839835729,100110717.35,16.0,-16.0,0.05999999999998096
2025-12-29,SU29026RMFS0,ОФЗ 29026,floating,floating_coupon,95.639,0.0,16.060000000000006,12.681724845995891,156025716.56,16.0,-16.0,0.060000000000005826
2025-12-30,SU29026RMFS0,ОФЗ 29026,floating,floating_coupon,95.567,0.0,16.05999999999998,12.678986995208762,1508393886.4,16.0,-16.0,0.05999999999998096
2026-01-05,SU29026RMFS0,ОФЗ 29026,floating,floating_coupon,95.992,0.0,16.060000000000006,12.66255989048597,3725455.75,16.0,-16.0,0.060000000000005826
2026-01-06,SU29026RMFS0,ОФЗ 29026,floating,floating_coupon,96.065,0.0,16.05999999999998,12.659822039698836,4827287.74,16.0,-16.0,0.05999999999998096
2026-01-08,SU29026RMFS0,ОФЗ 29026,floating,floating_coupon,95.577,0.0,16.060000000000013,12.654346338124572,5727935.92,16.0,-16.0,0.06000000000001293
2026-01-09,SU29026RMFS0,ОФЗ 29026,floating,floating_coupon,95.875,0.0,16.05999999999998,12.65160848733744,883963.79,16.0,-16.0,0.05999999999998096
2026-01-12,SU29026RMFS0,ОФЗ 29026,floating,floating_coupon,96.143,0.0,16.060000000000024,12.643394934976044,1816149.48,16.0,-16.0,0.06000000000002359
2026-01-13,SU29026RMFS0,ОФЗ 29026,floating,floating_coupon,95.936,0.0,16.059999999999917,12.640657084188913,2238187.31,16.0,-16.0,0.05999999999991701
2026-01-14,SU29026RMFS0,ОФЗ 29026,floating,floating_coupon,95.798,0.0,16.060000000000045,12.63791923340178,6119568.57,16.0,-16.0,0.060000000000044906
2026-01-15,SU29026RMFS0,ОФЗ 29026,floating,floating_coupon,96.002,0.0,16.059999999999917,12.635181382614649,1135706.45,16.0,-16.0,0.05999999999991701
2026-01-16,SU29026RMFS0,ОФЗ 29026,floating,floating_coupon,95.969,0.0,16.060000000000045,12.632443531827516,6281193.59,16.0,-16.0,0.060000000000044906
2026-01-19,SU29026RMFS0,ОФЗ 29026,floating,floating_coupon,95.83,0.0,16.060000000000006,12.62422997946612,6083314.7,16.0,-16.0,0.060000000000005826
2026-01-20,SU29026RMFS0,ОФЗ 29026,floating,floating_coupon,95.786,0.0,16.060000000000045,12.621492128678987,4812295.81,16.0,-16.0,0.060000000000044906
2026-01-21,SU29026RMFS0,ОФЗ 29026,floating,floating_coupon,95.761,0.0,15.69499999999999,12.618754277891854,1656673.44,16.0,-16.0,-0.3050000000000104
2026-01-22,SU29026RMFS0,ОФЗ 29026,floating,floating_coupon,95.724,0.0,15.69499999999999,12.616016427104723,4083590.54,16.0,-16.0,-0.3050000000000104
2026-01-23,SU29026RMFS0,ОФЗ 29026,floating,floating_coupon,95.645,0.0,16.059999999999917,12.61327857631759,6734356.67,16.0,-16.0,0.05999999999991701
2026-01-26,SU29026RMFS0,ОФЗ 29026,floating,floating_coupon,95.703,0.0,16.303333333333374,12.605065023956197,4277915.09,16.0,-16.0,0.30333333333337364
2026-01-27,SU29026RMFS0,ОФЗ 29026,floating,floating_coupon,95.69,0.0,16.059999999999917,12.602327173169062,9526905.62,16.0,-16.0,0.05999999999991701
2026-01-28,SU29026RMFS0,ОФЗ 29026,floating,floating_coupon,95.773,0.0,16.060000000000045,12.59958932238193,4518565.42,16.0,-16.0,0.060000000000044906
2026-01-29,SU29026RMFS0,ОФЗ 29026,floating,floating_coupon,95.732,0.0,16.424999999999972,12.596851471594798,4714811.09,16.0,-16.0,0.4249999999999723
2026-01-30,SU29026RMFS0,ОФЗ 29026,floating,floating_coupon,95.971,0.0,16.060000000000045,12.594113620807668,2388707.85,16.0,-16.0,0.060000000000044906
2026-02-02,SU29026RMFS0,ОФЗ 29026,floating,floating_coupon,95.978,0.0,15.938333333333318,12.58590006844627,2505023.75,16.0,-16.0,-0.061666666666681635
2026-02-03,SU29026RMFS0,ОФЗ 29026,floating,floating_coupon,96.02,0.0,16.060000000000045,12.583162217659138,1698592.52,16.0,-16.0,0.060000000000044906
2026-02-04,SU29026RMFS0,ОФЗ 29026,floating,floating_coupon,96.128,0.0,16.059999999999917,12.580424366872004,1273700.96,16.0,-16.0,0.05999999999991701
2026-02-05,SU29026RMFS0,ОФЗ 29026,floating,floating_coupon,96.037,0.0,16.060000000000045,12.577686516084873,4746165.37,16.0,-16.0,0.060000000000044906
2026-02-06,SU29026RMFS0,ОФЗ 29026,floating,floating_coupon,95.937,0.0,16.424999999999972,12.57494866529774,2119245.14,16.0,-16.0,0.4249999999999723
2026-02-09,SU29026RMFS0,ОФЗ 29026,floating,floating_coupon,95.832,0.0,16.30333333333333,12.566735112936344,4424561.17,16.0,-16.0,0.303333333333331
2026-02-10,SU29026RMFS0,ОФЗ 29026,floating,floating_coupon,95.871,0.0,16.060000000000045,12.563997262149211,1417939.09,16.0,-16.0,0.060000000000044906
2026-02-11,SU29026RMFS0,ОФЗ 29026,floating,floating_coupon,95.911,0.0,16.424999999999972,12.56125941136208,2232803.25,16.0,-16.0,0.4249999999999723
2026-02-12,SU29026RMFS0,ОФЗ 29026,floating,floating_coupon,95.89,0.0,16.060000000000045,12.558521560574947,1236018.57,16.0,-16.0,0.060000000000044906
2026-02-13,SU29026RMFS0,ОФЗ 29026,floating,floating_coupon,95.814,0.0,16.059999999999917,12.555783709787816,1698778.76,16.0,-16.0,0.05999999999991701
2026-02-16,SU29026RMFS0,ОФЗ 29026,floating,floating_coupon,96.021,0.0,15.816666666666675,12.54757015742642,3306962.99,15.5,-15.5,0.3166666666666753
2026-02-17,SU29026RMFS0,ОФЗ 29026,floating,floating_coupon,96.094,0.0,15.69499999999999,12.544832306639288,2297603.7,15.5,-15.5,0.19499999999998963
2026-02-18,SU29026RMFS0,ОФЗ 29026,floating,floating_coupon,96.061,0.0,15.69499999999999,12.542094455852157,990391.95,15.5,-15.5,0.19499999999998963
2026-02-19,SU29026RMFS0,ОФЗ 29026,floating,floating_coupon,95.803,0.0,15.69499999999999,12.539356605065024,5046903.83,15.5,-15.5,0.19499999999998963
2026-02-20,SU29026RMFS0,ОФЗ 29026,floating,floating_coupon,95.931,0.0,15.69499999999999,12.536618754277892,1790078.06,15.5,-15.5,0.19499999999998963
2026-02-24,SU29026RMFS0,ОФЗ 29026,floating,floating_coupon,95.814,0.0,15.69499999999999,12.525667351129364,6950342.74,15.5,-15.5,0.19499999999998963
2026-02-25,SU29026RMFS0,ОФЗ 29026,floating,floating_coupon,95.744,0.0,15.69499999999999,12.522929500342231,14769499.61,15.5,-15.5,0.19499999999998963
2026-02-26,SU29026RMFS0,ОФЗ 29026,floating,floating_coupon,95.903,0.0,16.060000000000176,12.5201916495551,3577186.85,15.5,-15.5,0.5600000000001764
2026-02-27,SU29026RMFS0,ОФЗ 29026,floating,floating_coupon,95.98,0.0,15.69499999999999,12.517453798767969,5526507.81,15.5,-15.5,0.19499999999998963
2026-03-02,SU29026RMFS0,ОФЗ 29026,floating,floating_coupon,96.0,0.0,15.816666666666631,12.509240246406572,4039697.6,15.5,-15.5,0.3166666666666309
2026-03-03,SU29026RMFS0,ОФЗ 29026,floating,floating_coupon,96.13,0.0,16.059999999999917,12.50650239561944,3402039.25,15.5,-15.5,0.559999999999917
2026-03-04,SU29026RMFS0,ОФЗ 29026,floating,floating_coupon,95.805,0.0,16.059999999999917,12.503764544832306,12824447.94,15.5,-15.5,0.559999999999917
2026-03-05,SU29026RMFS0,ОФЗ 29026,floating,floating_coupon,95.852,0.0,15.329999999999998,12.501026694045176,7011606.9,15.5,-15.5,-0.1700000000000017
2026-03-06,SU29026RMFS0,ОФЗ 29026,floating,floating_coupon,95.761,0.0,15.329999999999998,12.498288843258042,1733266.15,15.5,-15.5,-0.1700000000000017
2026-03-09,SU29026RMFS0,ОФЗ 29026,floating,floating_coupon,95.849,0.0,15.208333333333336,12.490075290896646,1850839.8,15.5,-15.5,-0.2916666666666643
2026-03-10,SU29026RMFS0,ОФЗ 29026,floating,floating_coupon,95.944,0.0,15.329999999999997,12.487337440109512,2697932.22,15.5,-15.5,-0.17000000000000348
2026-03-11,SU29026RMFS0,ОФЗ 29026,floating,floating_coupon,95.837,0.0,15.330000000000016,12.484599589322382,2126625.33,15.5,-15.5,-0.16999999999998394
2026-03-12,SU29026RMFS0,ОФЗ 29026,floating,floating_coupon,95.836,0.0,15.329999999999997,12.48186173853525,1627291.34,15.5,-15.5,-0.17000000000000348
2026-03-13,SU29026RMFS0,ОФЗ 29026,floating,floating_coupon,95.827,0.0,15.69499999999999,12.479123887748118,1798668.01,15.5,-15.5,0.19499999999998963
2026-03-16,SU29026RMFS0,ОФЗ 29026,floating,floating_coupon,96.067,0.0,15.451666666666666,12.47091033538672,2903146.85,15.5,-15.5,-0.04833333333333378
2026-03-17,SU29026RMFS0,ОФЗ 29026,floating,floating_coupon,96.11,0.0,15.329999999999997,12.46817248459959,1641556.49,15.5,-15.5,-0.17000000000000348
2026-03-18,SU29026RMFS0,ОФЗ 29026,floating,floating_coupon,96.013,0.0,15.69500000000002,12.465434633812457,1822329.83,15.5,-15.5,0.19500000000001982
2026-03-19,SU29026RMFS0,ОФЗ 29026,floating,floating_coupon,95.77,0.0,14.964999999999973,12.462696783025326,3031442.25,15.5,-15.5,-0.5350000000000268
2026-03-20,SU29026RMFS0,ОФЗ 29026,floating,floating_coupon,95.934,0.0,14.965000000000007,12.459958932238193,954543.04,15.5,-15.5,-0.534999999999993
2026-03-23,SU29026RMFS0,ОФЗ 29026,floating,floating_coupon,95.96,0.0,14.965000000000007,12.451745379876796,732177.54,15.0,-15.0,-0.03499999999999304
2026-03-24,SU29026RMFS0,ОФЗ 29026,floating,floating_coupon,95.939,0.0,14.964999999999973,12.449007529089664,4653989.09,15.0,-15.0,-0.03500000000002679
2026-03-25,SU29026RMFS0,ОФЗ 29026,floating,floating_coupon,96.146,0.0,14.965000000000007,12.446269678302532,2070988.15,15.0,-15.0,-0.03499999999999304
2026-03-26,SU29026RMFS0,ОФЗ 29026,floating,floating_coupon,96.295,0.0,14.965000000000007,12.4435318275154,2805060.04,15.0,-15.0,-0.03499999999999304
2026-03-27,SU29026RMFS0,ОФЗ 29026,floating,floating_coupon,96.423,0.0,14.600000000000012,12.44079397672827,1288217.36,15.0,-15.0,-0.3999999999999879
2026-03-30,SU29026RMFS0,ОФЗ 29026,floating,floating_coupon,96.151,0.0,14.965000000000007,12.432580424366872,2337439.44,15.0,-15.0,-0.03499999999999304
2026-03-31,SU29026RMFS0,ОФЗ 29026,floating,floating_coupon,96.375,0.0,14.965000000000007,12.42984257357974,6520763.71,15.0,-15.0,-0.03499999999999304
2026-04-01,SU29026RMFS0,ОФЗ 29026,floating,floating_coupon,96.431,0.0,14.965000000000007,12.427104722792608,1301822.58,15.0,-15.0,-0.03499999999999304
2026-04-02,SU29026RMFS0,ОФЗ 29026,floating,floating_coupon,96.295,0.0,14.96499999999994,12.424366872005477,4515742.58,15.0,-15.0,-0.03500000000006054
2026-04-03,SU29026RMFS0,ОФЗ 29026,floating,floating_coupon,96.543,0.0,14.965000000000007,12.421629021218344,3311427.66,15.0,-15.0,-0.03499999999999304
2026-04-06,SU29026RMFS0,ОФЗ 29026,floating,floating_coupon,96.357,0.0,14.965000000000007,12.413415468856948,2945275.21,15.0,-15.0,-0.03499999999999304
2026-04-07,SU29026RMFS0,ОФЗ 29026,floating,floating_coupon,96.448,0.0,14.965000000000007,12.410677618069816,671275.99,15.0,-15.0,-0.03499999999999304
2026-04-08,SU29026RMFS0,ОФЗ 29026,floating,floating_coupon,96.439,0.0,15.329999999999997,12.407939767282684,911348.64,15.0,-15.0,0.3299999999999965
2026-04-09,SU29026RMFS0,ОФЗ 29026,floating,floating_coupon,96.559,0.0,14.965000000000007,12.405201916495551,929866.97,15.0,-15.0,-0.03499999999999304
2026-04-10,SU29026RMFS0,ОФЗ 29026,floating,floating_coupon,96.62,0.0,14.965000000000007,12.402464065708418,2572023.58,15.0,-15.0,-0.03499999999999304
2026-04-13,SU29026RMFS0,ОФЗ 29026,floating,floating_coupon,96.5,0.0,15.208333333333313,12.394250513347025,2316965.12,15.0,-15.0,0.2083333333333126
2026-04-14,SU29026RMFS0,ОФЗ 29026,floating,floating_coupon,96.462,0.0,14.965000000000007,12.39151266255989,673304.79,15.0,-15.0,-0.03499999999999304
2026-04-15,SU29026RMFS0,ОФЗ 29026,floating,floating_coupon,96.383,0.0,15.330000000000062,12.38877481177276,543599.58,15.0,-15.0,0.33000000000006224
2026-04-16,SU29026RMFS0,ОФЗ 29026,floating,floating_coupon,96.465,0.0,14.965000000000007,12.386036960985626,1430575.52,15.0,-15.0,-0.03499999999999304
2026-04-17,SU29026RMFS0,ОФЗ 29026,floating,floating_coupon,96.242,0.0,14.965000000000007,12.383299110198497,1928687.9,15.0,-15.0,-0.03499999999999304
2026-04-20,SU29026RMFS0,ОФЗ 29026,floating,floating_coupon,96.544,0.0,15.086666666666648,12.375085557837098,3252582.38,15.0,-15.0,0.08666666666664824
2026-04-21,SU29026RMFS0,ОФЗ 29026,floating,floating_coupon,96.519,0.0,14.965000000000007,12.372347707049968,2279778.6,15.0,-15.0,-0.03499999999999304
2026-04-22,SU29026RMFS0,ОФЗ 29026,floating,floating_coupon,96.406,0.0,14.600000000000076,12.369609856262834,1758446.22,15.0,-15.0,-0.39999999999992397
2026-04-23,SU29026RMFS0,ОФЗ 29026,floating,floating_coupon,96.132,0.0,14.965000000000007,12.366872005475702,7377148.79,15.0,-15.0,-0.03499999999999304
2026-04-24,SU29026RMFS0,ОФЗ 29026,floating,floating_coupon,96.272,0.0,14.965000000000007,12.36413415468857,1903294.15,15.0,-15.0,-0.03499999999999304
2026-04-27,SU29026RMFS0,ОФЗ 29026,floating,floating_coupon,96.351,0.0,14.721666666666632,12.355920602327172,1666868.88,14.5,-14.5,0.22166666666663204
2026-04-28,SU29026RMFS0,ОФЗ 29026,floating,floating_coupon,96.512,0.0,14.600000000000076,12.35318275154004,9638638.23,14.5,-14.5,0.10000000000007603
2026-04-29,SU29026RMFS0,ОФЗ 29026,floating,floating_coupon,96.3,0.0,14.965000000000007,12.350444900752908,2480687.86,14.5,-14.5,0.46500000000000696
2026-04-30,SU29026RMFS0,ОФЗ 29026,floating,floating_coupon,96.196,0.0,14.599999999999946,12.347707049965775,1922964.65,14.5,-14.5,0.09999999999994635
